,lat,long,year,price
0,40.760697,-73.958759,2015,6479000
1,40.7606974359683,-73.95875873607659,2014,8634031
2,40.7606974359683,-73.95875873607659,2016,5561000
3,40.761236,-73.961935,2015,250000
4,40.7612364989828,-73.96193499821541,2014,230000
5,40.7612364989828,-73.96193499821541,2016,272000
6,40.761361,-73.95778,2015,18460210
7,40.7613613094154,-73.95778007602091,2014,10123196
8,40.7613613094154,-73.95778007602091,2016,7548972
9,40.761381,-73.960332,2015,1815000
10,40.761381429641105,-73.9603321748759,2014,2635800
11,40.761381429641105,-73.9603321748759,2016,1570000
12,40.7615785255631,-73.9588339960377,2014,5532160
13,40.7615785255631,-73.9588339960377,2016,9028000
14,40.761579,-73.958834,2015,11896416
15,40.761848,-73.961483,2015,5407500
16,40.761848426656606,-73.9614834233447,2014,2143920
17,40.761848426656606,-73.9614834233447,2016,5291000
18,40.7618748762873,-73.9586063953042,2014,1275000
19,40.7619445540531,-73.96166746788441,2016,3500000
20,40.761996,-73.95984399999999,2015,5122500
21,40.7619960831851,-73.9598444845585,2014,6429750
22,40.7619960831851,-73.9598444845585,2016,3213000
23,40.762278,-73.966071,2015,4161106
24,40.762278049078105,-73.9660712618092,2014,2521000
25,40.762278049078105,-73.9660712618092,2016,5048707
26,40.762322,-73.958725,2015,6254519
27,40.762322312062395,-73.9587252415215,2014,5860000
28,40.762322312062395,-73.9587252415215,2016,5690134
29,40.762419776572706,-73.9628331701782,2014,9154000
30,40.762419776572706,-73.9628331701782,2016,3255000
31,40.76242,-73.96283299999999,2015,11711500
32,40.762433,-73.962822,2015,5030000
33,40.7624334967908,-73.96282233302321,2014,5219000
34,40.7624334967908,-73.96282233302321,2016,8150000
35,40.76257899141589,-73.9628944486264,2014,465000
36,40.7626566053992,-73.9653382704433,2014,12796000
37,40.7626566053992,-73.9653382704433,2016,11738999
38,40.762657,-73.965338,2015,12788000
39,40.7628847496164,-73.95807511863609,2014,5752001
40,40.7628847496164,-73.95807511863609,2016,2107000
41,40.762885,-73.958075,2015,1897800
42,40.763059000000005,-73.962367,2015,4586388
43,40.7630591503669,-73.96236714056971,2014,2894000
44,40.7630591503669,-73.96236714056971,2016,5135499
45,40.763132080166294,-73.96751477504259,2014,515000
46,40.7631757128965,-73.9665256485389,2014,12597300
47,40.7631757128965,-73.9665256485389,2016,11120500
48,40.763176,-73.966526,2015,5635175
49,40.763178,-73.96658000000001,2015,2897000
50,40.763178473359105,-73.96657979525,2014,5309000
51,40.763178473359105,-73.96657979525,2016,5804000
52,40.763214000000005,-73.966663,2015,4655081
53,40.763245805798704,-73.9624067437512,2016,290000
54,40.763272,-73.958995,2015,4565500
55,40.7632720895661,-73.9589953938225,2014,4543000
56,40.7632720895661,-73.9589953938225,2016,5554000
57,40.76328226779479,-73.9648794902207,2016,96395269
58,40.763292,-73.961035,2015,19729525
59,40.763292010632895,-73.9610349634745,2014,23625000
60,40.763292010632895,-73.9610349634745,2016,27361500
61,40.7632959882037,-73.96486865334691,2014,4786000
62,40.7632959882037,-73.96486865334691,2016,4890000
63,40.763296000000004,-73.964869,2015,2100000
64,40.7633185510725,-73.9669118339978,2014,17271488
65,40.7633185510725,-73.9669118339978,2016,4940000
66,40.763319,-73.966912,2015,5233000
67,40.763508,-73.959122,2015,785000
68,40.763577691339606,-73.96171345659471,2016,40210834
69,40.763578,-73.961713,2015,65475213
70,40.763591,-73.961703,2015,6289740
71,40.7635914114501,-73.9617026190207,2014,4072600
72,40.7635914114501,-73.9617026190207,2016,9439000
73,40.76359830749279,-73.95786890539341,2014,485000
74,40.763704669259894,-73.9639443029226,2014,13454312
75,40.7637199170367,-73.9691967029185,2016,3900000
76,40.76372,-73.969197,2015,4700000
77,40.763735,-73.965912,2015,4995000
78,40.763735460340904,-73.9659116836319,2014,3240000
79,40.763735460340904,-73.9659116836319,2016,4137236
80,40.763815,-73.95838499999999,2015,2599000
81,40.7638153297232,-73.9583849849416,2014,4697000
82,40.7638153297232,-73.9583849849416,2016,3591062
83,40.7638248077709,-73.9619840576668,2014,640000
84,40.763839000000004,-73.96426600000001,2015,390000
85,40.7638392617157,-73.9642655119696,2016,2106000
86,40.7638928029006,-73.9690738859558,2014,3800000
87,40.7638928029006,-73.9690738859558,2016,3450000
88,40.763894,-73.964352,2015,10557750
89,40.7638941833939,-73.964352120392,2014,11248999
90,40.7638941833939,-73.964352120392,2016,2336000
91,40.763931,-73.96907,2015,14789541
92,40.763931228318796,-73.9690702581996,2014,50478213
93,40.7639469528455,-73.966413353557,2014,400000
94,40.763946999999995,-73.966413,2015,300000
95,40.76396435345121,-73.96068440828729,2016,358500
96,40.7639945689969,-73.96075297888491,2014,575000
97,40.7639945689969,-73.96075297888491,2016,850950
98,40.763995,-73.960753,2015,400000
99,40.764123660109895,-73.9610128173837,2014,4407252
100,40.764123660109895,-73.9610128173837,2016,4574901
101,40.764124,-73.961013,2015,2566500
102,40.764146799714204,-73.9646768785015,2014,425000
103,40.764146799714204,-73.9646768785015,2016,1500000
104,40.764146999999994,-73.96467700000001,2015,400000
105,40.764178614668104,-73.9611896716642,2014,12050000
106,40.764178614668104,-73.9611896716642,2016,8185000
107,40.764179,-73.96119,2015,12648000
108,40.7642846544611,-73.95831249302991,2016,10881500
109,40.764285,-73.958312,2015,13955000
110,40.764315,-73.968767,2015,145000
111,40.764315410372,-73.96876684526421,2014,12472087
112,40.764315410372,-73.96876684526421,2016,6525000
113,40.764394,-73.965579,2015,10502012
114,40.76439409963871,-73.96557923213,2014,8662858
115,40.76439409963871,-73.96557923213,2016,17276816
116,40.764468435447505,-73.95799109304551,2014,32303500
117,40.7645918613561,-73.96605203335521,2014,5150000
118,40.7645918613561,-73.96605203335521,2016,4656387
119,40.764592,-73.966052,2015,4456595
120,40.764617,-73.960247,2015,9471000
121,40.7646174520835,-73.96024721865109,2014,3227500
122,40.7646174520835,-73.96024721865109,2016,5296450
123,40.7646385400305,-73.96611337875301,2014,1775000
124,40.7646385400305,-73.96611337875301,2016,6085000
125,40.764639,-73.966113,2015,5082500
126,40.7646725858361,-73.97012041058059,2014,5375000
127,40.7646725858361,-73.97012041058059,2016,8746715
128,40.764672999999995,-73.97012,2015,2250000
129,40.7647708644954,-73.9681348887648,2016,4650000
130,40.764824,-73.962716,2015,6512500
131,40.764824133229205,-73.9627163096485,2014,5927500
132,40.764824133229205,-73.9627163096485,2016,4725030
133,40.7648454511964,-73.9607885771185,2014,6550000
134,40.7648454511964,-73.9607885771185,2016,499999
135,40.76485340319471,-73.9688532321078,2014,4500000
136,40.764872,-73.966713,2015,2688369
137,40.7648720177636,-73.9667125141557,2014,10401749
138,40.7648720177636,-73.9667125141557,2016,4184000
139,40.764879678888704,-73.96478478877621,2014,3280000
140,40.764879678888704,-73.96478478877621,2016,10440000
141,40.76488,-73.96478499999999,2015,16920000
142,40.7649736303945,-73.966911011749,2014,3275000
143,40.7649736303945,-73.966911011749,2016,5420000
144,40.764974,-73.966911,2015,4011875
145,40.7649740162114,-73.9682828003605,2016,3355000
146,40.765027,-73.963193,2015,16780047
147,40.7650273973191,-73.9631927123642,2014,26632500
148,40.7650273973191,-73.9631927123642,2016,11808000
149,40.765053,-73.967146,2015,6450000
150,40.7650532950504,-73.967145620535,2014,7050000
151,40.7650532950504,-73.967145620535,2016,9003000
152,40.765093321749,-73.96335151492251,2014,1400000
153,40.7651619918441,-73.96351392627159,2014,5445000
154,40.7651619918441,-73.96351392627159,2016,8925000
155,40.765162,-73.963514,2015,4850000
156,40.7651854229209,-73.95969816236291,2014,885000
157,40.7651854229209,-73.95969816236291,2016,445000
158,40.765218,-73.968106,2015,11374800
159,40.7652182493682,-73.9681057948472,2014,8902883
160,40.7652182493682,-73.9681057948472,2016,1917500
161,40.7652598045035,-73.969524499448,2014,106470
162,40.7652598045035,-73.969524499448,2016,1863200
163,40.765301,-73.969665,2015,4717500
164,40.7653669273398,-73.9698204697586,2014,1750000
165,40.7653669273398,-73.9698204697586,2016,9925000
166,40.765367,-73.96982,2015,1275000
167,40.765495557729395,-73.96843056194109,2014,7825000
168,40.765496,-73.96843100000001,2015,13825000
169,40.7655547676656,-73.9644017716083,2014,8725000
170,40.7655547676656,-73.9644017716083,2016,2527500
171,40.765555,-73.964402,2015,12320000
172,40.765569,-73.966427,2015,2500000
173,40.765569099324104,-73.96642697553229,2014,3550000
174,40.765569099324104,-73.96642697553229,2016,9710000
175,40.7656075383169,-73.96647027621441,2014,4762500
176,40.7656075383169,-73.96647027621441,2016,4000000
177,40.76562,-73.962846,2015,110620245
178,40.765620150200895,-73.962845824239,2014,100845618
179,40.765620150200895,-73.962845824239,2016,69717175
180,40.7656756384188,-73.96473382779571,2014,10425000
181,40.7656756384188,-73.96473382779571,2016,3343324
182,40.765676,-73.96473399999999,2015,14601025
183,40.765684681401,-73.9588928282007,2016,837000
184,40.765685,-73.958893,2015,849000
185,40.765747173783005,-73.9653005618767,2014,4925000
186,40.765747173783005,-73.9653005618767,2016,4925000
187,40.7657767059181,-73.9631742481875,2014,8392000
188,40.7657767059181,-73.9631742481875,2016,11002500
189,40.765777,-73.963174,2015,4725000
190,40.765800586999504,-73.9697841730982,2014,3300000
191,40.765800586999504,-73.9697841730982,2016,5210000
192,40.765868735351205,-73.95933313693979,2014,5578000
193,40.765868735351205,-73.95933313693979,2016,5935000
194,40.765869,-73.959333,2015,6376522
195,40.765943160608,-73.96920650472909,2014,4035000
196,40.765943160608,-73.96920650472909,2016,2400000
197,40.76599,-73.969365,2015,695000
198,40.7659978448157,-73.9596363003032,2014,8352375
199,40.7659978448157,-73.9596363003032,2016,16124500
200,40.765997999999996,-73.959636,2015,18226350
201,40.766048,-73.971401,2015,4000000
202,40.7660628699433,-73.957282521522,2016,870000
203,40.766228000000005,-73.96736899999999,2015,7170333
204,40.7662281079034,-73.9673688633848,2014,1050000
205,40.7662576942583,-73.957141604991,2014,4200000
206,40.766275959139,-73.9622786819208,2014,3071000
207,40.766275959139,-73.9622786819208,2016,5814500
208,40.766276,-73.96227900000001,2015,12647500
209,40.7663139448875,-73.9701341143785,2016,1980000
210,40.766314,-73.970134,2015,1200000
211,40.766329999999996,-73.96015200000001,2015,1221900
212,40.766345,-73.956625,2015,7413000
213,40.7663453327715,-73.9566253121517,2014,6925000
214,40.7663453327715,-73.9566253121517,2016,10141718
215,40.7664119602656,-73.9586757763932,2014,3807000
216,40.7664119602656,-73.9586757763932,2016,7199000
217,40.766412,-73.958676,2015,1999500
218,40.766455,-73.964614,2015,2462500
219,40.766455108341106,-73.9646142833747,2014,4580000
220,40.766455108341106,-73.9646142833747,2016,2800000
221,40.7664688420197,-73.9646467665423,2014,400000
222,40.766469,-73.964647,2015,695000
223,40.766496999999994,-73.958878,2015,5745000
224,40.7664970443344,-73.9671990591234,2014,7600000
225,40.766497119563496,-73.9588778865354,2014,3125000
226,40.766497119563496,-73.9588778865354,2016,4458500
227,40.766511306518204,-73.952917678503,2014,862000
228,40.766512788845795,-73.9647478247259,2014,1375000
229,40.766544,-73.953001,2015,1090000
230,40.766544277307204,-73.9530006864809,2016,1170000
231,40.7665525380187,-73.953065661666,2014,3124000
232,40.7665525380187,-73.953065661666,2016,6635000
233,40.766553,-73.953066,2015,9417500
234,40.766569,-73.953055,2015,825000
235,40.766569002050204,-73.95305481989179,2014,2020000
236,40.766569002050204,-73.95305481989179,2016,1305000
237,40.766588,-73.95314499999999,2015,17004000
238,40.7665882519735,-73.9531450577805,2014,5351000
239,40.7665882519735,-73.9531450577805,2016,10660000
240,40.766590982027104,-73.9531089552754,2014,1550000
241,40.76661,-73.953199,2015,6106460
242,40.7666102319079,-73.9531991932095,2014,3996500
243,40.7666102319079,-73.9531991932095,2016,8120100
244,40.7666155319265,-73.9688704583181,2016,2775000
245,40.766626,-73.959181,2015,3302500
246,40.766626230213795,-73.95918105187671,2014,887500
247,40.766626230213795,-73.95918105187671,2016,864000
248,40.766628999999995,-73.968899,2015,10273750
249,40.766629263430296,-73.96889933238171,2014,4598602
250,40.766629263430296,-73.96889933238171,2016,6600000
251,40.7666596665452,-73.9532713597147,2014,48741664
252,40.7666596665452,-73.9532713597147,2016,35820724
253,40.766659999999995,-73.953271,2015,34087588
254,40.766725,-73.959416,2015,6285000
255,40.7667251237755,-73.959415645529,2014,5000435
256,40.7667251237755,-73.959415645529,2016,7408000
257,40.766834,-73.95778,2015,2295000
258,40.7668343257345,-73.957780216583,2016,4145000
259,40.7668442673428,-73.96272961903921,2016,1537766
260,40.766853780127796,-73.9669172977795,2014,267958
261,40.766853999999995,-73.96691700000001,2015,1350000
262,40.766886,-73.965672,2015,7415000
263,40.7668863526568,-73.96567180599709,2014,2595000
264,40.7668863526568,-73.96567180599709,2016,2900000
265,40.766888,-73.96369,2015,5663500
266,40.7668884898312,-73.96368987407601,2014,5939500
267,40.7668884898312,-73.96368987407601,2016,8042500
268,40.7669497063673,-73.95805811942991,2014,2988000
269,40.76697,-73.962639,2015,2772000
270,40.766970496182,-73.9626392964289,2014,5446620
271,40.766970496182,-73.9626392964289,2016,2813000
272,40.7670126996154,-73.96597137760159,2014,3915000
273,40.7670126996154,-73.96597137760159,2016,1677711
274,40.767038939015,-73.96210135573492,2014,2104000
275,40.767038939015,-73.96210135573492,2016,4882200
276,40.767039000000004,-73.962101,2015,3300000
277,40.7670705751691,-73.9667800068903,2016,2000000
278,40.767078999999995,-73.96803299999999,2015,2739000
279,40.7670791637744,-73.9680327019779,2014,628500
280,40.7670791637744,-73.9680327019779,2016,3014000
281,40.7670824413752,-73.97001463695871,2014,1113750
282,40.7670824413752,-73.97001463695871,2016,1176078
283,40.7671137380322,-73.9642637550365,2014,4095000
284,40.7671137380322,-73.9642637550365,2016,3033000
285,40.767114,-73.964264,2015,4100000
286,40.767121,-73.97091400000001,2015,1175100
287,40.7671210981861,-73.9709135311855,2014,5725000
288,40.7671210981861,-73.9709135311855,2016,4567500
289,40.767136853269,-73.9682131786756,2014,1375000
290,40.767136853269,-73.9682131786756,2016,984000
291,40.767188686863996,-73.9585778219964,2014,3340000
292,40.767227,-73.968423,2015,8845000
293,40.7672274872867,-73.96842252079259,2014,8540800
294,40.7672274872867,-73.96842252079259,2016,5075000
295,40.7672298916785,-73.958671658786,2016,3429500
296,40.76723,-73.95867199999999,2015,7812500
297,40.767232654537395,-73.95872219837509,2014,4426000
298,40.767232654537395,-73.95872219837509,2016,3154000
299,40.767233000000004,-73.958722,2015,2719000
300,40.76725493963829,-73.96844055824721,2014,4048225
301,40.76725493963829,-73.96844055824721,2016,2883700
302,40.767255,-73.968441,2015,725000
303,40.767258,-73.960675,2015,10117500
304,40.7672580403689,-73.960675243751,2014,10356500
305,40.7672580403689,-73.960675243751,2016,13714000
306,40.767272967881105,-73.9563936619057,2016,1795000
307,40.767272999999996,-73.95639399999999,2015,1775000
308,40.767325,-73.964451,2015,4350000
309,40.767325141128204,-73.9644513666988,2014,2925000
310,40.767325141128204,-73.9644513666988,2016,3600000
311,40.767503000000005,-73.955314,2015,21525026
312,40.767503112476604,-73.95531408897541,2014,22955000
313,40.767503112476604,-73.95531408897541,2016,11900000
314,40.767513507854,-73.96128520120841,2014,3682500
315,40.767513507854,-73.96128520120841,2016,3010000
316,40.767514,-73.961285,2015,4545000
317,40.767516848775,-73.9553465707362,2014,10005425
318,40.767516848775,-73.9553465707362,2016,7683101
319,40.767517,-73.955347,2015,8400186
320,40.7675586961777,-73.9652779573802,2016,2195000
321,40.767559000000006,-73.965278,2015,2285000
322,40.767583732781894,-73.9664042992773,2016,1836000
323,40.7676679293988,-73.9556569394826,2014,2381000
324,40.7676679293988,-73.9556569394826,2016,2430000
325,40.767668,-73.95565699999999,2015,4130600
326,40.7676797786748,-73.96633565860029,2014,14636500
327,40.7676797786748,-73.96633565860029,2016,2200000
328,40.76768,-73.966336,2015,15350000
329,40.767746,-73.967668,2015,3400000
330,40.7677460339738,-73.9676677596847,2016,2250000
331,40.7677525024643,-73.961891562647,2014,26833292
332,40.7677525024643,-73.961891562647,2016,15400000
333,40.767753000000006,-73.961892,2015,14034000
334,40.7678009772789,-73.9678410189519,2014,4690000
335,40.7678335508367,-73.95816225646091,2014,248000
336,40.7678335508367,-73.95816225646091,2016,1329168
337,40.767834,-73.958162,2015,480100
338,40.7679013320611,-73.9559167133968,2016,1680000
339,40.767901959209205,-73.9658481788424,2016,7575000
340,40.7679049755706,-73.95833188768151,2014,4911499
341,40.767905,-73.958332,2015,2565000
342,40.767913920713205,-73.960346334643,2014,17198707
343,40.76792516081,-73.97033916927741,2014,1138500
344,40.7679468687735,-73.9603788062116,2014,3056400
345,40.7679468687735,-73.9603788062116,2016,4080111
346,40.767947,-73.960379,2015,4021500
347,40.767962680253504,-73.95851235821291,2014,18310400
348,40.767962680253504,-73.95851235821291,2016,11636000
349,40.767963,-73.958512,2015,13200000
350,40.768015560328294,-73.9605917633413,2016,2910116
351,40.7680265479298,-73.96061702779241,2016,1295000
352,40.768027000000004,-73.960617,2015,490000
353,40.768045778376,-73.9606675583408,2014,470000
354,40.768045778376,-73.9606675583408,2016,850000
355,40.768046000000005,-73.960668,2015,555000
356,40.7681288105277,-73.96274334074441,2014,1875000
357,40.7681288105277,-73.96274334074441,2016,4800000
358,40.768128999999995,-73.962743,2015,7300000
359,40.7681456331584,-73.9638552552299,2014,875000
360,40.768146,-73.96385500000001,2015,2700000
361,40.768187,-73.95570699999999,2015,1618486
362,40.768195,-73.96489100000001,2015,2185000
363,40.768195358863395,-73.9648913399144,2014,1175000
364,40.768195358863395,-73.9648913399144,2016,5560000
365,40.768217,-73.957,2015,18019500
366,40.7682173864692,-73.9569995481551,2014,26441026
367,40.7682173864692,-73.9569995481551,2016,18181748
368,40.768219,-73.96300699999999,2015,26410000
369,40.768219471870104,-73.96300683072342,2014,23579725
370,40.768219471870104,-73.96300683072342,2016,26928750
371,40.7682349171174,-73.9688263796201,2016,2719400
372,40.768235,-73.968826,2015,4900000
373,40.768249825416,-73.95568543322919,2016,3500000
374,40.76825,-73.955685,2015,1501919
375,40.7682805545156,-73.9571042017183,2014,1443000
376,40.7682805545156,-73.9571042017183,2016,6211000
377,40.768281,-73.957104,2015,1810000
378,40.7682825119355,-73.95503919461319,2014,655000
379,40.7682825119355,-73.95503919461319,2016,475000
380,40.768288812910704,-73.95716917910629,2014,1350000
381,40.768289,-73.957169,2015,1967000
382,40.768296,-73.955072,2015,2624000
383,40.7683602377651,-73.957335200268,2014,1543500
384,40.7683602377651,-73.957335200268,2016,3035000
385,40.768390942981,-73.9672956005529,2014,2807500
386,40.768390942981,-73.9672956005529,2016,5300000
387,40.768390999999994,-73.96729599999999,2015,8737500
388,40.7683925069909,-73.9633713603551,2014,1950000
389,40.768431663711,-73.9575048319431,2014,6680000
390,40.768431663711,-73.9575048319431,2016,6856000
391,40.768432000000004,-73.957505,2015,3500000
392,40.7684838443652,-73.9575878323498,2014,5869550
393,40.7684838443652,-73.9575878323498,2016,1458600
394,40.768484,-73.957588,2015,4169000
395,40.768503,-73.957674,2015,3615000
396,40.7685030894064,-73.957674463982,2014,2375000
397,40.7685030894064,-73.957674463982,2016,3200000
398,40.7685230470815,-73.95254079931729,2014,449000
399,40.7685535086493,-73.9695807548812,2014,5941988
400,40.768553999999995,-73.969581,2015,1195000
401,40.768558,-73.957761,2015,11665000
402,40.76855801600129,-73.9577610730338,2014,15874000
403,40.76855801600129,-73.9577610730338,2016,5285000
404,40.7685725209708,-73.9599488242744,2014,1249000
405,40.7685725209708,-73.9599488242744,2016,1180000
406,40.768572999999996,-73.959949,2015,1572050
407,40.768588,-73.957877,2015,1900000
408,40.7685882504343,-73.95787657918991,2014,6885000
409,40.7685882504343,-73.95787657918991,2016,17142000
410,40.76859,-73.963841,2015,2195000
411,40.7686088947721,-73.96199215730358,2014,14875000
412,40.7686088947721,-73.96199215730358,2016,4375000
413,40.768609000000005,-73.96199200000001,2015,10790000
414,40.768613727163896,-73.96004988419641,2014,1895000
415,40.768613727163896,-73.96004988419641,2016,3945000
416,40.768614,-73.96005,2015,2190000
417,40.768629,-73.957931,2015,6974000
418,40.768629441318105,-73.9579307056694,2014,8084500
419,40.768629441318105,-73.9579307056694,2016,3589000
420,40.768724,-73.96222,2015,2295000
421,40.7687242486527,-73.962219532427,2014,7030000
422,40.768726707233796,-73.9613566994353,2014,1950000
423,40.768789,-73.952555,2015,2642500
424,40.768789292787794,-73.9525550502961,2014,3156000
425,40.768789292787794,-73.9525550502961,2016,3025150
426,40.768867,-73.963328,2015,510000
427,40.7688673332227,-73.96332777702371,2014,11425000
428,40.7688673332227,-73.96332777702371,2016,3181500
429,40.7689575750701,-73.9546741100175,2014,4025000
430,40.7689575750701,-73.9546741100175,2016,3973372
431,40.768958000000005,-73.954674,2015,4997726
432,40.768985,-73.954696,2015,12182900
433,40.76898503098629,-73.95469575246041,2014,9357000
434,40.76898503098629,-73.95469575246041,2016,6709500
435,40.769026995557205,-73.9567607528461,2014,2307400
436,40.769026995557205,-73.9567607528461,2016,7653890
437,40.769027,-73.956761,2015,5390535
438,40.7690635875451,-73.9521216317865,2014,2429200
439,40.7690635875451,-73.9521216317865,2016,3005000
440,40.769076843814794,-73.9510096827401,2014,7789000
441,40.769076843814794,-73.9510096827401,2016,6740000
442,40.769077,-73.95101,2015,13374000
443,40.769125911519396,-73.95704228389499,2014,615000
444,40.769125911519396,-73.95704228389499,2016,1275000
445,40.769126,-73.957042,2015,360000
446,40.769139648672294,-73.95707837699929,2014,327000
447,40.769139648672294,-73.95707837699929,2016,299000
448,40.7691455343263,-73.951179311468,2014,2296000
449,40.7691455343263,-73.951179311468,2016,1897500
450,40.769146,-73.95117900000001,2015,3458000
451,40.7691712505303,-73.9610459644486,2014,2125000
452,40.769195,-73.95930899999999,2015,2567340
453,40.769211,-73.957201,2015,755000
454,40.769228000000005,-73.957234,2015,1145000
455,40.7692687640069,-73.95738155088121,2014,3129000
456,40.7692687640069,-73.95738155088121,2016,444500
457,40.769269,-73.957382,2015,355000
458,40.769298980161295,-73.95744651523741,2014,655000
459,40.769298980161295,-73.95744651523741,2016,710000
460,40.769299,-73.957447,2015,2238700
461,40.769318952728,-73.9595548629038,2014,3570000
462,40.769318952728,-73.9595548629038,2016,6054000
463,40.769319,-73.95955500000001,2015,7437500
464,40.769344,-73.961793,2015,4675000
465,40.7693444193648,-73.96179317611991,2014,6017500
466,40.7693444193648,-73.96179317611991,2016,6665000
467,40.769354,-73.965115,2015,140000
468,40.769464,-73.967894,2015,11074000
469,40.7694643048276,-73.96789436896509,2014,3300000
470,40.7694643048276,-73.96789436896509,2016,3670000
471,40.76947,-73.969205,2015,8400000
472,40.769470152027104,-73.9692048739141,2014,10960000
473,40.769470152027104,-73.9692048739141,2016,9249000
474,40.769519,-73.96003499999999,2015,4600000
475,40.7695194862674,-73.9600348999872,2014,6450000
476,40.7695194862674,-73.9600348999872,2016,3251000
477,40.769573,-73.964956,2015,5670000
478,40.7695732380626,-73.9649555974863,2014,14964000
479,40.7695732380626,-73.9649555974863,2016,10705000
480,40.769574,-73.968154,2015,2285000
481,40.7695741665515,-73.9681542518341,2016,2650000
482,40.769588160992605,-73.9601973187104,2014,1215000
483,40.7695979275339,-73.9649122618398,2014,4785000
484,40.7695979275339,-73.9649122618398,2016,6400000
485,40.769597999999995,-73.964912,2015,4850000
486,40.76960189590999,-73.96022980249529,2014,5730883
487,40.76960189590999,-73.96022980249529,2016,2740000
488,40.769602,-73.96023000000001,2015,3960000
489,40.769623592794396,-73.968230042873,2016,903166
490,40.76963,-73.962468,2015,3100000
491,40.7696300941733,-73.9624681239319,2016,250000
492,40.769662,-73.966432,2015,850000
493,40.769677,-73.956378,2015,9499750
494,40.769677,-73.956334,2015,8569000
495,40.76967733817379,-73.9563343239723,2014,9006000
496,40.76967733817379,-73.9563343239723,2016,9375000
497,40.769677354584104,-73.9563776466698,2014,4260787
498,40.769677354584104,-73.9563776466698,2016,2184000
499,40.7696812829477,-73.96841413686221,2014,3795000
500,40.769719732035,-73.9684971538652,2014,2400000
501,40.769763,-73.95658,2015,272500
502,40.769802,-73.96842099999999,2015,6975000
503,40.7698020534676,-73.96842130004741,2014,5095000
504,40.7698020534676,-73.96842130004741,2016,13752000
505,40.7698490217918,-73.96051847371079,2016,1196443
506,40.769852,-73.954515,2015,480000
507,40.7698572621941,-73.9605365200023,2014,1545000
508,40.769912,-73.961017,2015,1150000
509,40.769912320440895,-73.96101664907509,2014,4400600
510,40.769912320440895,-73.96101664907509,2016,4700000
511,40.769919,-73.951009,2015,1063457
512,40.7699194788141,-73.95100906287941,2014,1704000
513,40.7699194788141,-73.95100906287941,2016,1841591
514,40.76993,-73.951027,2015,320000
515,40.7699432193371,-73.96316472378021,2016,2750000
516,40.769949,-73.964681,2015,3850000
517,40.769954999999996,-73.951092,2015,1431000
518,40.7699551957007,-73.9510920721447,2014,2901534
519,40.7699551957007,-73.9510920721447,2016,2352500
520,40.769963,-73.957053,2015,6039000
521,40.769963061102,-73.9570525746245,2014,4491207
522,40.769963061102,-73.9570525746245,2016,10328494
523,40.770024698646296,-73.95322206541921,2014,1985000
524,40.770025,-73.953222,2015,3307500
525,40.770068,-73.959222,2015,10617500
526,40.7700681495317,-73.9592222652014,2014,3161925
527,40.7700681495317,-73.9592222652014,2016,3808600
528,40.770078999999996,-73.959298,2015,1600000
529,40.770079155296,-73.95929807365809,2014,2733000
530,40.770079155296,-73.95929807365809,2016,3229000
531,40.770113153016204,-73.9624209184562,2014,7499411
532,40.770134805786704,-73.961496682142,2014,7403500
533,40.770134805786704,-73.961496682142,2016,15530500
534,40.770134999999996,-73.961497,2015,11407000
535,40.7701368253968,-73.9593846844247,2014,6190000
536,40.7701368253968,-73.9593846844247,2016,6706000
537,40.770137,-73.959385,2015,10653537
538,40.770140000000005,-73.961558,2015,2620000
539,40.7701403157586,-73.961558053218,2014,2750000
540,40.7701410010496,-73.9636700494815,2016,2500000
541,40.770147829783795,-73.95945688273609,2014,6490000
542,40.770147829783795,-73.95945688273609,2016,3570000
543,40.770148,-73.959457,2015,5070000
544,40.770162,-73.968696,2015,800000
545,40.770162976026796,-73.9637241912718,2014,3775000
546,40.770162976026796,-73.9637241912718,2016,3550000
547,40.770163000000004,-73.963724,2015,2198888
548,40.77020073130271,-73.961651884947,2014,2860000
549,40.77020073130271,-73.961651884947,2016,5426000
550,40.770201,-73.961652,2015,3955000
551,40.770202755025295,-73.95954349539691,2014,4386000
552,40.770202755025295,-73.95954349539691,2016,1900000
553,40.770203,-73.95954300000001,2015,13863200
554,40.770214,-73.953717,2015,9752500
555,40.7702142853936,-73.9537165371673,2014,11466000
556,40.7702142853936,-73.9537165371673,2016,14342500
557,40.77021446820971,-73.9616915898386,2014,4510000
558,40.77021446820971,-73.9616915898386,2016,1520000
559,40.7702165053173,-73.95961930239571,2014,8554000
560,40.7702165053173,-73.95961930239571,2016,7070000
561,40.770216999999995,-73.95961899999999,2015,4931999
562,40.7702439754664,-73.95968427035329,2014,2675000
563,40.7702467584576,-73.9686304840459,2014,6937814
564,40.7702467584576,-73.9686304840459,2016,4771480
565,40.770247,-73.96863,2015,9556500
566,40.770292,-73.949965,2015,1951000
567,40.770292314980104,-73.94996542371359,2014,2557000
568,40.770292314980104,-73.94996542371359,2016,1653431
569,40.770338670535004,-73.9559403718468,2014,4700000
570,40.770361,-73.966096,2015,1400000
571,40.7703646255352,-73.968060007015,2016,1925000
572,40.770365000000005,-73.96806,2015,7305000
573,40.77038262497229,-73.956041430157,2014,2284000
574,40.77038262497229,-73.956041430157,2016,5298109
575,40.770382641492795,-73.95608475331309,2014,5194926
576,40.770382641492795,-73.95608475331309,2016,15510645
577,40.770383,-73.956085,2015,10552487
578,40.770383,-73.956041,2015,5314900
579,40.770451672280295,-73.950340771838,2014,2347013
580,40.770451672280295,-73.950340771838,2016,624487
581,40.770452,-73.95034100000001,2015,717500
582,40.770488893687,-73.9540521014042,2014,388000
583,40.770488893687,-73.9540521014042,2016,890000
584,40.7704918064353,-73.9479904561438,2014,4250000
585,40.7704918064353,-73.9479904561438,2016,8395000
586,40.7705,-73.948009,2015,6075000
587,40.7705323000914,-73.9600487332776,2014,1200000
588,40.770533,-73.96249300000001,2015,7475000
589,40.770533121648604,-73.9624928869155,2014,3000000
590,40.770533121648604,-73.9624928869155,2016,5320000
591,40.770539,-73.956413,2015,2163100
592,40.7705392163716,-73.95641318485329,2014,809000
593,40.7705392163716,-73.95641318485329,2016,320000
594,40.770563858132604,-73.9642041392958,2014,31872802
595,40.770563858132604,-73.9642041392958,2016,19648467
596,40.770564,-73.957092,2015,2306564
597,40.770567,-73.958439,2015,3763573
598,40.770567412137794,-73.9584385300646,2014,7963029
599,40.770567412137794,-73.9584385300646,2016,4450000
600,40.770606,-73.968367,2015,13543750
601,40.7706062472488,-73.96836676457751,2014,12075000
602,40.7706062472488,-73.96836676457751,2016,14545000
603,40.7706106422912,-73.9565792108143,2014,1945000
604,40.7706106422912,-73.9565792108143,2016,8856490
605,40.770610999999995,-73.956579,2015,1650000
606,40.7706155282899,-73.9626914057074,2014,1050000
607,40.770616,-73.962691,2015,3100000
608,40.7706585448381,-73.9527595044945,2014,2172000
609,40.7706585448381,-73.9527595044945,2016,3662500
610,40.770659,-73.95276,2015,1429000
611,40.770669553375605,-73.9528317022765,2014,309000
612,40.77067,-73.952832,2015,1031000
613,40.770688971252106,-73.96069126920959,2014,3631000
614,40.770688971252106,-73.96069126920959,2016,10870000
615,40.770689000000004,-73.960691,2015,14636000
616,40.77068967709229,-73.9628177239832,2014,3030000
617,40.77068967709229,-73.9628177239832,2016,2050000
618,40.7706896770924,-73.9628177239832,2016,2850000
619,40.77069,-73.962818,2015,2850000
620,40.7707107466166,-73.95288582732721,2014,3700000
621,40.7707107643235,-73.95292915069601,2014,215000
622,40.7707107643235,-73.95292915069601,2016,815000
623,40.7707307828796,-73.9549436743727,2014,8682768
624,40.7707307828796,-73.9549436743727,2016,15648100
625,40.770731,-73.954944,2015,8171749
626,40.770736,-73.96080699999999,2015,3950000
627,40.770767950290704,-73.95891857278559,2014,7659018
628,40.770767950290704,-73.95891857278559,2016,3189000
629,40.770768,-73.958919,2015,3195400
630,40.770783,-73.963038,2015,500000
631,40.770794,-73.963511,2015,1325000
632,40.770802,-73.95506999999999,2015,7450000
633,40.7708021954355,-73.955069986092,2014,9335500
634,40.7708021954355,-73.955069986092,2016,9841500
635,40.7708078052698,-73.96314258384521,2014,3550000
636,40.7708078052698,-73.96314258384521,2016,4800000
637,40.770808,-73.963143,2015,770000
638,40.770818,-73.947781,2015,6019700
639,40.770818335651896,-73.9477808044466,2014,8505000
640,40.770818335651896,-73.9477808044466,2016,5105000
641,40.7708629750911,-73.9640126331586,2014,2375000
642,40.7708629750911,-73.9640126331586,2016,2830000
643,40.770863,-73.964013,2015,2927500
644,40.7708728610866,-73.9533153372145,2014,9075125
645,40.7708728610866,-73.9533153372145,2016,6498906
646,40.770872999999995,-73.953315,2015,5500000
647,40.770883192115,-73.9673846339178,2016,5950000
648,40.770888821423,-73.9592073215277,2014,6214500
649,40.770888821423,-73.9592073215277,2016,1100000
650,40.770889000000004,-73.95920699999999,2015,8514000
651,40.7709,-73.96119300000001,2015,4270000
652,40.7709004862695,-73.9611929749362,2014,4030000
653,40.770916,-73.959312,2015,14992030
654,40.7709163058324,-73.9593120031834,2014,5624101
655,40.7709163058324,-73.9593120031834,2016,4240750
656,40.77098,-73.961431,2015,13388737
657,40.7709801637073,-73.9614312080565,2014,1850000
658,40.7709801637073,-73.9614312080565,2016,3500000
659,40.771001,-73.96766600000001,2015,4350000
660,40.771001295263204,-73.9676661792628,2016,1750000
661,40.771148617000605,-73.949834809359,2014,3825000
662,40.771148617000605,-73.949834809359,2016,10297500
663,40.771149,-73.949835,2015,9410000
664,40.77122,-73.950004,2015,5167500
665,40.771220053959105,-73.95000444009159,2014,5965000
666,40.771220053959105,-73.95000444009159,2016,5861500
667,40.7712475310898,-73.95007301537159,2014,10111809
668,40.7712475310898,-73.95007301537159,2016,7330000
669,40.771248,-73.950073,2015,9772500
670,40.7713177023728,-73.9473941091977,2016,8020000
671,40.771318,-73.94739399999999,2015,1575000
672,40.7713459312616,-73.96363689931209,2014,2200000
673,40.77135,-73.952434,2015,2420100
674,40.7713500853425,-73.9524340854615,2014,247000
675,40.7713500853425,-73.9524340854615,2016,823000
676,40.7713668166664,-73.9603839921439,2014,2310000
677,40.7713668166664,-73.9603839921439,2016,13085000
678,40.771367,-73.96038399999999,2015,5295000
679,40.771378000000006,-73.952499,2015,370000
680,40.7713805366359,-73.9603731530284,2014,4518000
681,40.7713805366359,-73.9603731530284,2016,4372000
682,40.771381,-73.960373,2015,2125000
683,40.771390999999994,-73.952528,2015,317777
684,40.771399764699,-73.9604164654148,2014,525000
685,40.771399764699,-73.9604164654148,2016,554000
686,40.7714,-73.96041600000001,2015,420000
687,40.7714160245391,-73.95259289244541,2014,3028625
688,40.771419010079896,-73.96051032229609,2014,2850000
689,40.771440000000005,-73.95859300000001,2015,1275000
690,40.7714402950061,-73.95859322912159,2014,850000
691,40.771497231938795,-73.9647307449288,2016,545400
692,40.771507,-73.95482,2015,5201061
693,40.7715074958969,-73.95482039782699,2014,3882216
694,40.7715074958969,-73.95482039782699,2016,3814397
695,40.771508219731295,-73.96475962170791,2016,520000
696,40.771512,-73.946903,2015,2815000
697,40.771512353590204,-73.9469029511862,2014,3020000
698,40.771512353590204,-73.9469029511862,2016,893000
699,40.771521953358494,-73.9647921073702,2016,804000
700,40.771522999999995,-73.952846,2015,423000
701,40.771523173049204,-73.9528455389778,2014,955000
702,40.771523173049204,-73.9528455389778,2016,465000
703,40.77153,-73.964861,2015,2902012
704,40.7715302085151,-73.96486069919929,2014,7500000
705,40.7715302085151,-73.96486069919929,2016,1775000
706,40.771539860004,-73.9607485321883,2014,1560000
707,40.771539860004,-73.9607485321883,2016,1225000
708,40.77154,-73.96074899999999,2015,7530000
709,40.771565,-73.954911,2015,1844000
710,40.771565170764,-73.9549106169007,2014,1840000
711,40.771565170764,-73.9549106169007,2016,3181676
712,40.771582,-73.964936,2015,1700000
713,40.771582381648706,-73.9649364885748,2014,7170000
714,40.771582381648706,-73.9649364885748,2016,1000000
715,40.771609000000005,-73.95505899999999,2015,965000
716,40.7716091444122,-73.9550586106756,2016,830000
717,40.77162,-73.96346,2015,3450000
718,40.771623,-73.95509100000001,2015,305000
719,40.77163661712721,-73.9551235781105,2016,1165000
720,40.7716406857353,-73.9671929153404,2014,1050000
721,40.771640999999995,-73.96719300000001,2015,3225000
722,40.771656555311395,-73.9651530694903,2014,5795000
723,40.771656555311395,-73.9651530694903,2016,1500000
724,40.771657,-73.965153,2015,3350000
725,40.771664091209395,-73.9551921559315,2016,688000
726,40.7716702757289,-73.96514223131021,2014,1599000
727,40.77169430998929,-73.9552607319651,2016,1250000
728,40.771708000000004,-73.95525,2015,3630000
729,40.7717080294761,-73.9552498917409,2014,4821500
730,40.7717080294761,-73.9552498917409,2016,1260000
731,40.7717217657841,-73.9552823755393,2016,360000
732,40.771752,-73.949152,2015,2437810
733,40.771752160385795,-73.9491520007779,2014,16540000
734,40.771752160385795,-73.9491520007779,2016,9416196
735,40.771757,-73.95310500000001,2015,600000
736,40.771778999999995,-73.95541999999999,2015,3812417
737,40.7717794584564,-73.9554195297069,2014,1380000
738,40.7717794584564,-73.9554195297069,2016,300000
739,40.771786,-73.951387,2015,5231333
740,40.7717860617982,-73.95138677543581,2014,6958558
741,40.771811,-73.959478,2015,6608750
742,40.7718111492007,-73.95947753215671,2014,6120082
743,40.7718111492007,-73.95947753215671,2016,5949440
744,40.771836,-73.961185,2015,857500
745,40.7718364397691,-73.96118520884279,2014,2841550
746,40.7718456006684,-73.9494227051865,2014,3394250
747,40.7718456006684,-73.9494227051865,2016,2425000
748,40.771846000000004,-73.949423,2015,5779000
749,40.7718646233982,-73.9556216519748,2014,2280000
750,40.7718646400764,-73.955664976095,2014,10965000
751,40.7718646400764,-73.955664976095,2016,8075000
752,40.771865000000005,-73.955665,2015,14746105
753,40.771865000000005,-73.95562199999999,2015,2400000
754,40.7718758038816,-73.9494479546631,2014,650000
755,40.7718758038816,-73.9494479546631,2016,775000
756,40.771876,-73.949448,2015,3770000
757,40.771890811228,-73.9596616113096,2014,1374000
758,40.771890811228,-73.9596616113096,2016,1319500
759,40.771891,-73.959662,2015,815000
760,40.771910040819705,-73.9597085341682,2016,950000
761,40.771912,-73.95774499999999,2015,10770000
762,40.7719120820314,-73.95774450428229,2014,10308000
763,40.7719120820314,-73.95774450428229,2016,5742815
764,40.7719206891018,-73.9517079980792,2014,8700900
765,40.7719206891018,-73.9517079980792,2016,10964125
766,40.771921,-73.951708,2015,10493500
767,40.7719244321594,-73.9616653337613,2014,1472000
768,40.7719244321594,-73.9616653337613,2016,3000000
769,40.77192854649,-73.95773366279231,2014,3215000
770,40.77192854649,-73.95773366279231,2016,3539000
771,40.771929,-73.957734,2015,3349000
772,40.771935,-73.961113,2015,8696000
773,40.7719352260115,-73.9611129443056,2014,4540008
774,40.7719378063397,-73.94694232580059,2014,4569498
775,40.7719378063397,-73.94694232580059,2016,4362000
776,40.771938,-73.946942,2015,5315000
777,40.7719686252786,-73.9483214549827,2016,395000
778,40.7719701076808,-73.9673804912442,2014,9600000
779,40.7719701076808,-73.9673804912442,2016,4300000
780,40.771972,-73.96320300000001,2015,2440665
781,40.772001771272706,-73.963156364444,2014,1908900
782,40.772001771272706,-73.963156364444,2016,6160000
783,40.772002,-73.96315600000001,2015,6050000
784,40.7720108651433,-73.96595077188809,2014,509935
785,40.772011,-73.965951,2015,1189056
786,40.7720315607677,-73.9619179968183,2014,3710000
787,40.7720315607677,-73.9619179968183,2016,2550000
788,40.772032,-73.96191800000001,2015,1350000
789,40.772035685035895,-73.9579899298925,2014,1213634
790,40.772035685035895,-73.9579899298925,2016,1427000
791,40.772036,-73.95799,2015,637000
792,40.772044,-73.951957,2015,2571500
793,40.772044306469105,-73.9519570228697,2014,6260000
794,40.772044306469105,-73.9519570228697,2016,4158000
795,40.772050790631795,-73.9619685307812,2014,1250000
796,40.772063,-73.958055,2015,1916000
797,40.772063156096294,-73.9580548989528,2014,666000
798,40.772063156096294,-73.9580548989528,2016,1295000
799,40.772124,-73.946834,2015,405000
800,40.772124398618104,-73.9468338663816,2016,457000
801,40.772127000000005,-73.960178,2015,3615000
802,40.772127038329,-73.9601777494737,2014,1575000
803,40.7721377386605,-73.9522241220434,2014,10763000
804,40.7721377386605,-73.9522241220434,2016,4549000
805,40.772138,-73.952224,2015,8913000
806,40.77214134836439,-73.95435784181579,2014,999499
807,40.772155,-73.954394,2015,585000
808,40.77216,-73.946783,2015,6730000
809,40.772160056881795,-73.94678329286691,2014,5765000
810,40.772160056881795,-73.94678329286691,2016,6565000
811,40.772165,-73.95228900000001,2015,18441500
812,40.772165212971395,-73.9522890888246,2014,4765000
813,40.772165212971395,-73.9522890888246,2016,9864990
814,40.772168,-73.94680100000001,2015,7963500
815,40.7721682994325,-73.94680133808491,2014,4553000
816,40.7721682994325,-73.94680133808491,2016,11310000
817,40.7721935298291,-73.9544372340191,2014,390000
818,40.7722087546983,-73.96687131320621,2016,700000
819,40.772209000000004,-73.966871,2015,2218344
820,40.7722265151639,-73.95455996382441,2014,1474000
821,40.772308,-73.94653000000001,2015,7430000
822,40.772308155744604,-73.94653044872241,2014,6501315
823,40.772308155744604,-73.94653044872241,2016,4211500
824,40.7724079929511,-73.948790462632,2014,445000
825,40.7724079929511,-73.948790462632,2016,5769930
826,40.772408,-73.94879,2015,3297000
827,40.7724145099112,-73.9665246149568,2014,4925000
828,40.7724244565659,-73.9487796188476,2014,450000
829,40.772438,-73.94881600000001,2015,576000
830,40.7724381963002,-73.9488157120351,2016,675000
831,40.772495873733604,-73.9633113373495,2014,13795000
832,40.772495873733604,-73.9633113373495,2016,4650000
833,40.772496000000004,-73.963311,2015,4550000
834,40.7725,-73.946559,2015,17910000
835,40.772500300813604,-73.94655917747829,2016,7390000
836,40.772512,-73.95519200000001,2015,3929000
837,40.772512215380104,-73.9551915852748,2014,2095000
838,40.772512215380104,-73.9551915852748,2016,7793018
839,40.772513692629204,-73.95916661203479,2014,6337500
840,40.772513692629204,-73.95916661203479,2016,11800000
841,40.772514,-73.95916700000001,2015,12555000
842,40.7725299536,-73.9585853308392,2014,1570000
843,40.772548676206604,-73.9572422573473,2016,725000
844,40.7725505901225,-73.9627553084812,2014,8520000
845,40.7725505901225,-73.9627553084812,2016,7070000
846,40.772551,-73.962755,2015,4450000
847,40.772605010246295,-73.9613147347138,2014,780000
848,40.772620497485704,-73.95849501490059,2016,100335
849,40.7726269996303,-73.9614085919628,2014,3500333
850,40.772627,-73.961409,2015,10200000
851,40.772632,-73.961376,2015,972000
852,40.7726324782194,-73.9613760953159,2014,5302500
853,40.7726324782194,-73.9613760953159,2016,3735500
854,40.7726534064765,-73.9668855335528,2016,4800000
855,40.772662,-73.96056,2015,4378475
856,40.77266239394,-73.9605601304083,2014,3008000
857,40.77266239394,-73.9605601304083,2016,1050000
858,40.772664,-73.951318,2015,1563500
859,40.7726643490909,-73.9513175369282,2014,2425500
860,40.7726643490909,-73.9513175369282,2016,865000
861,40.7727145390227,-73.96054565796479,2014,2200000
862,40.7727145390227,-73.96054565796479,2016,715000
863,40.77272,-73.961629,2015,3275000
864,40.7727203942827,-73.9616287716645,2014,6653850
865,40.7727354995666,-73.9577331506321,2014,964000
866,40.7727354995666,-73.9577331506321,2016,2730000
867,40.772752000000004,-73.957722,2015,730000
868,40.772789,-73.961748,2015,2162500
869,40.772789052353296,-73.9617478751151,2014,3256000
870,40.772789052353296,-73.9617478751151,2016,3522000
871,40.7728027700602,-73.94775397560541,2016,5550000
872,40.772803,-73.947754,2015,8917600
873,40.772804,-73.957852,2015,7916500
874,40.77280416166371,-73.9578522500933,2014,3941000
875,40.77280416166371,-73.9578522500933,2016,5117000
876,40.772813,-73.95983100000001,2015,10721250
877,40.7728131026037,-73.95983074124021,2014,6340000
878,40.7728131026037,-73.95983074124021,2016,8590000
879,40.772831631479896,-73.9579136094506,2014,2674000
880,40.772831631479896,-73.9579136094506,2016,7851000
881,40.772832,-73.957914,2015,6045000
882,40.772832,-73.94629499999999,2015,4190000
883,40.7728322915747,-73.94629535208371,2014,11481964
884,40.7728322915747,-73.94629535208371,2016,8943000
885,40.772846067124796,-73.9599101500989,2014,1426500
886,40.7728716484051,-73.9625204530025,2014,3325000
887,40.772872,-73.96252,2015,6650000
888,40.772892999999996,-73.961997,2015,3305025
889,40.772893434837705,-73.9619969327522,2014,620000
890,40.772893434837705,-73.9619969327522,2016,8175000
891,40.772897412451,-73.965939487401,2014,1625000
892,40.772912818303496,-73.9625168194308,2016,3000000
893,40.772967,-73.954195,2015,2585000
894,40.772967,-73.954151,2015,5940000
895,40.772967432863496,-73.95415148260192,2014,9907000
896,40.772967432863496,-73.95415148260192,2016,6230000
897,40.7729674500945,-73.95419480743921,2014,2219000
898,40.7729674500945,-73.95419480743921,2016,3690000
899,40.773016999999996,-73.948259,2015,4925000
900,40.7730223993126,-73.95433196511229,2016,4500000
901,40.773025,-73.954289,2015,2375000
902,40.773025126871204,-73.95428863835521,2014,3748730
903,40.773025126871204,-73.95428863835521,2016,1250000
904,40.773030806525604,-73.9482484225513,2014,2684000
905,40.773030806525604,-73.9482484225513,2016,3293316
906,40.773031,-73.94824799999999,2015,4507520
907,40.773072,-73.94839300000001,2015,415000
908,40.7730720423662,-73.94839280690199,2014,1204828
909,40.7730720423662,-73.94839280690199,2016,354373
910,40.773085780604504,-73.9484252899513,2014,657500
911,40.7730929641481,-73.9461290629545,2016,4195500
912,40.773092999999996,-73.946129,2015,9254000
913,40.7730995204485,-73.94846138342409,2016,230650
914,40.773123999999996,-73.95456999999999,2015,10901374
915,40.7731240488146,-73.95457018263441,2014,7140800
916,40.7731240488146,-73.95457018263441,2016,12155000
917,40.7731297222524,-73.9484830225284,2014,985000
918,40.7731297222524,-73.9484830225284,2016,2100500
919,40.7731341200192,-73.9460965359417,2014,5702500
920,40.773159,-73.960701,2015,2059000
921,40.7731592396569,-73.96070064231421,2014,8503500
922,40.7731592396569,-73.96070064231421,2016,7429500
923,40.773170938474,-73.9485840822707,2014,1369400
924,40.773170938474,-73.9485840822707,2016,2177008
925,40.773171000000005,-73.948584,2015,3292500
926,40.77317899616529,-73.95470373052521,2014,5250000
927,40.77317899616529,-73.95470373052521,2016,13510000
928,40.77319271559671,-73.9546928899445,2014,22269500
929,40.77319271559671,-73.9546928899445,2016,15200100
930,40.773193,-73.954693,2015,15950500
931,40.773207,-73.956888,2015,977000
932,40.7732072815156,-73.95688801360859,2014,300000
933,40.7732072815156,-73.95688801360859,2016,322000
934,40.773216,-73.958874,2015,7908135
935,40.773216241589104,-73.9588737374361,2014,5900276
936,40.773216241589104,-73.9588737374361,2016,7115034
937,40.7732296772283,-73.9664556072448,2014,1150000
938,40.7732296772283,-73.9664556072448,2016,3800000
939,40.77323,-73.96645600000001,2015,3815088
940,40.773235,-73.958874,2015,2315000
941,40.7732354547551,-73.9588737255706,2014,6620000
942,40.7732354547551,-73.9588737255706,2016,9825000
943,40.7732421091148,-73.96227834644291,2014,2100000
944,40.7732421091148,-73.96227834644291,2016,1300000
945,40.77326,-73.958975,2015,8150000
946,40.7732601934345,-73.9589748020491,2014,13554450
947,40.7732601934345,-73.9589748020491,2016,1870988
948,40.773278626692296,-73.96492476419121,2014,4284500
949,40.773278626692296,-73.96492476419121,2016,1900000
950,40.773278999999995,-73.964925,2015,2250000
951,40.773298,-73.94502,2015,6850000
952,40.7733010406809,-73.9450204949597,2014,3900000
953,40.773317,-73.957101,2015,606000
954,40.7733171505376,-73.95710095743729,2014,295000
955,40.7733171505376,-73.95710095743729,2016,325000
956,40.7733308863204,-73.9571334424025,2014,1289000
957,40.7733308863204,-73.9571334424025,2016,560000
958,40.773331,-73.957133,2015,3715000
959,40.7733810618276,-73.945915814722,2014,8223000
960,40.773383,-73.945212,2015,5400000
961,40.7733834739571,-73.9452117795268,2016,1495000
962,40.7733862204115,-73.9452153876943,2014,2410000
963,40.773392,-73.945883,2015,1775000
964,40.773399,-73.962137,2015,7725000
965,40.7734,-73.945901,2015,8607150
966,40.77340026821211,-73.9459013574125,2016,2696600
967,40.773403,-73.959314,2015,2276000
968,40.773403040143,-73.9593140942432,2014,5451396
969,40.773403040143,-73.9593140942432,2016,14251000
970,40.773428,-73.953129,2015,4325000
971,40.7734281377469,-73.9531294139845,2014,2960000
972,40.7734281377469,-73.9531294139845,2016,6732382
973,40.773438,-73.95739,2015,10739000
974,40.7734380261786,-73.9573897139336,2014,11485813
975,40.7734380261786,-73.9573897139336,2016,9175000
976,40.773447999999995,-73.963311,2015,875000
977,40.7734482978787,-73.9633108126267,2014,415000
978,40.77345,-73.95323,2015,2947000
979,40.7734501367267,-73.953230490549,2014,10539750
980,40.7734501367267,-73.953230490549,2016,5908000
981,40.7734517765481,-73.9574619137411,2014,6370000
982,40.7734517765481,-73.9574619137411,2016,7221250
983,40.773452,-73.95746199999999,2015,4350000
984,40.7734592860238,-73.96333969001759,2014,890500
985,40.7734592860238,-73.96333969001759,2016,950000
986,40.773464000000004,-73.96211600000001,2015,3031600
987,40.77346437959,-73.96211575114921,2016,4700000
988,40.773494,-73.953288,2015,629000
989,40.77349407596461,-73.9532882266125,2014,1602000
990,40.77349407596461,-73.9532882266125,2016,520000
991,40.773494737274106,-73.95494902518259,2014,450000
992,40.7735078318265,-73.95336764649849,2014,3618500
993,40.7735078318265,-73.95336764649849,2016,3575500
994,40.773537,-73.94555799999999,2015,3260687
995,40.773538,-73.953393,2015,3170041
996,40.7735380341676,-73.9533928983945,2014,5340000
997,40.7735380341676,-73.9533928983945,2016,1892000
998,40.7735803055939,-73.9641375300022,2016,2995000
999,40.7735929814232,-73.95352283570709,2014,2765000
1000,40.773593,-73.953523,2015,4175000
1001,40.7735966258459,-73.9636645538329,2016,3500000
1002,40.773596999999995,-73.963665,2015,2350000
1003,40.77362341718371,-73.9476883438481,2014,367500
1004,40.77362341718371,-73.9476883438481,2016,375000
1005,40.7736948556418,-73.94785436813959,2014,350000
1006,40.7736948556418,-73.94785436813959,2016,379000
1007,40.773695000000004,-73.947854,2015,400000
1008,40.773696,-73.965621,2015,8270000
1009,40.773696036873005,-73.9656213599112,2014,22847500
1010,40.773696036873005,-73.9656213599112,2016,9247250
1011,40.773736,-73.948002,2015,1010457
1012,40.7737360936014,-73.9480023641307,2016,731674
1013,40.77378,-73.94805600000001,2015,384500
1014,40.7737800338294,-73.9480564865455,2016,410000
1015,40.773784,-73.95824499999999,2015,6914232
1016,40.7737841763955,-73.958245168693,2014,9750000
1017,40.773807512108895,-73.9481250636579,2014,410000
1018,40.773808,-73.948125,2015,375000
1019,40.773821000000005,-73.948204,2015,6455000
1020,40.773821271528895,-73.948204482851,2014,11599000
1021,40.773821271528895,-73.948204482851,2016,5237500
1022,40.773843,-73.961838,2015,4200000
1023,40.773863,-73.956324,2015,4226000
1024,40.7738630617489,-73.9563243584552,2014,8185968
1025,40.7738630617489,-73.9563243584552,2016,3730500
1026,40.7738905173349,-73.9563460031728,2014,6260000
1027,40.7738905173349,-73.9563460031728,2016,4562500
1028,40.773891,-73.956346,2015,7060500
1029,40.773903999999995,-73.956378,2015,291000
1030,40.7739042533293,-73.9563784882619,2014,385000
1031,40.7739042533293,-73.9563784882619,2016,299000
1032,40.7739317402963,-73.9564831734902,2014,1092906
1033,40.7739317402963,-73.9564831734902,2016,2824000
1034,40.773932,-73.95648299999999,2015,2411500
1035,40.773940761901,-73.95862055801621,2014,1100000
1036,40.773940761901,-73.95862055801621,2016,3570000
1037,40.773941,-73.958621,2015,6145000
1038,40.773946,-73.958588,2015,1107500
1039,40.7739462397027,-73.9585880604988,2014,4823650
1040,40.7739462397027,-73.9585880604988,2016,3024500
1041,40.773953999999996,-73.950436,2015,237000
1042,40.773954000307604,-73.95043564246879,2016,599000
1043,40.773959000000005,-73.956505,2015,11080000
1044,40.7739591958522,-73.9565048182956,2014,2739000
1045,40.7739591958522,-73.9565048182956,2016,2794000
1046,40.773976,-73.958704,2015,650000
1047,40.773976473282204,-73.9587035763762,2016,965000
1048,40.773986667742,-73.95656978861979,2014,4058000
1049,40.773986667742,-73.95656978861979,2016,1798500
1050,40.773987,-73.95657,2015,1670000
1051,40.774016893938295,-73.96470413723009,2014,6875000
1052,40.774016893938295,-73.96470413723009,2016,8210000
1053,40.774017,-73.964704,2015,1442500
1054,40.774052601212205,-73.95672860598609,2014,2597500
1055,40.774052601212205,-73.95672860598609,2016,2332500
1056,40.774053,-73.95672900000001,2015,1682000
1057,40.774060999999996,-73.950696,2015,500000
1058,40.774065701839206,-73.962805007585,2014,9255000
1059,40.774065701839206,-73.962805007585,2016,1695000
1060,40.774066,-73.962805,2015,2300000
1061,40.7740748941839,-73.95072800009041,2014,275000
1062,40.7740890862482,-73.9589237448947,2016,1236300
1063,40.7741165734694,-73.959035652395,2014,6859312
1064,40.7741165734694,-73.959035652395,2016,3568875
1065,40.77412,-73.961635,2015,3300000
1066,40.774120213048,-73.9616351860135,2014,3700000
1067,40.774129842900294,-73.95085432578558,2014,784000
1068,40.7741316278748,-73.9629674417793,2016,2767000
1069,40.7741350312319,-73.956963232801,2014,39119983
1070,40.7741487508739,-73.9569523925302,2014,12642371
1071,40.7741487508739,-73.9569523925302,2016,19486500
1072,40.774149,-73.956952,2015,9010000
1073,40.7741828685079,-73.9529519697455,2014,6383500
1074,40.7741828685079,-73.9529519697455,2016,10843124
1075,40.774183,-73.952952,2015,6876793
1076,40.7741885627777,-73.9470957827463,2014,245000
1077,40.7741955023846,-73.9653647586588,2014,9126400
1078,40.774196,-73.965365,2015,3000000
1079,40.7742160416273,-73.947164359883,2016,256100
1080,40.774234,-73.965177,2015,3950000
1081,40.774243500587204,-73.9471896114107,2016,410000
1082,40.7742435204359,-73.94723293707631,2014,3642000
1083,40.7742435204359,-73.94723293707631,2016,1087000
1084,40.774244,-73.947233,2015,3260000
1085,40.774244,-73.94719,2015,280500
1086,40.77425250145679,-73.9632959276577,2014,6200000
1087,40.7742572391622,-73.9472220947832,2016,290000
1088,40.7742599838995,-73.9472220926079,2014,1850000
1089,40.7742662354911,-73.96332841435691,2014,1935000
1090,40.7742709992036,-73.9473015143261,2016,1385000
1091,40.774287462673605,-73.9472906698702,2016,282000
1092,40.774314939757204,-73.9473556367132,2014,275000
1093,40.774386,-73.947569,2015,995000
1094,40.774386400054205,-73.9475685986103,2014,775000
1095,40.774386400054205,-73.9475685986103,2016,1498000
1096,40.774439,-73.949663,2015,9870000
1097,40.7744394838975,-73.9496626375521,2014,19710000
1098,40.7744394838975,-73.9496626375521,2016,17000250
1099,40.774509870466,-73.9613497330085,2014,4750000
1100,40.7745416084026,-73.95792697070421,2014,8613500
1101,40.7745416084026,-73.95792697070421,2016,5426250
1102,40.774542,-73.957927,2015,6152000
1103,40.774566,-73.957941,2015,3074500
1104,40.7745663163119,-73.95794139705659,2014,6658000
1105,40.7745663163119,-73.95794139705659,2016,4317000
1106,40.7745828005425,-73.9579847125446,2016,5922000
1107,40.774583,-73.957985,2015,4605000
1108,40.774602,-73.958024,2015,2600000
1109,40.7746020281791,-73.9580244158323,2014,720000
1110,40.774632000000004,-73.95814,2015,3170000
1111,40.7746322623206,-73.95813993259141,2014,2720200
1112,40.7746565425357,-73.95017877437141,2014,2079000
1113,40.7746565425357,-73.95017877437141,2016,340000
1114,40.774669,-73.962321,2015,1215000
1115,40.774669386920294,-73.96232086390701,2016,265659
1116,40.7746699350189,-73.9561144204661,2014,1812000
1117,40.7746699350189,-73.9561144204661,2016,5037000
1118,40.77467,-73.956114,2015,2195000
1119,40.77467,-73.950211,2015,1694500
1120,40.7746858518027,-73.96231002309959,2014,1245000
1121,40.7746858518027,-73.96231002309959,2016,550000
1122,40.774685999999996,-73.96231,2015,599000
1123,40.774698,-73.944951,2015,1005000
1124,40.7746980792882,-73.9449507420814,2016,3495000
1125,40.7747224930855,-73.9653680950653,2014,999500
1126,40.774722902788504,-73.95831679007459,2016,3700000
1127,40.774723,-73.95831700000001,2015,6101000
1128,40.77473859739771,-73.9562299112188,2014,6243562
1129,40.77473859739771,-73.9562299112188,2016,3951200
1130,40.774739000000004,-73.95623,2015,4393625
1131,40.774758,-73.96449799999999,2015,1265000
1132,40.7747586300181,-73.9584431352504,2014,4310000
1133,40.7747586300181,-73.9584431352504,2016,6625000
1134,40.774759,-73.958443,2015,3222000
1135,40.7747600197954,-73.962494116679,2014,2601000
1136,40.7747600197954,-73.962494116679,2016,1595000
1137,40.774778000000005,-73.952432,2015,12887800
1138,40.7747782630644,-73.9524316367622,2014,18099243
1139,40.7747782630644,-73.9524316367622,2016,14589450
1140,40.774823210882204,-73.9626854378294,2014,3900000
1141,40.774823210882204,-73.9626854378294,2016,4300000
1142,40.774832,-73.95645400000001,2015,7526863
1143,40.7748320032807,-73.956453701143,2014,12051000
1144,40.7748320032807,-73.956453701143,2016,15332401
1145,40.7748745957752,-73.9467666815293,2014,440000
1146,40.775003718220894,-73.9470265353652,2014,1689175
1147,40.775003718220894,-73.9470265353652,2016,3765000
1148,40.775003999999996,-73.947027,2015,3464503
1149,40.775087,-73.949232,2015,1280000
1150,40.775087,-73.949189,2015,925000
1151,40.775087034288,-73.949189170059,2014,1375000
1152,40.7750870533849,-73.949232496274,2016,684000
1153,40.775090999999996,-73.953175,2015,2602850
1154,40.77509146774621,-73.95317518000391,2016,3140000
1155,40.7751145293704,-73.9492974646982,2014,2383500
1156,40.7751145293704,-73.9492974646982,2016,3175000
1157,40.775115,-73.949297,2015,2164000
1158,40.7752076402085,-73.9554280662575,2016,2795000
1159,40.775244,-73.957475,2015,9792000
1160,40.7752440954783,-73.9574752109375,2014,9050000
1161,40.7752440954783,-73.9574752109375,2016,1138000
1162,40.77525,-73.95960500000001,2015,5805000
1163,40.775250351410705,-73.95960541833071,2014,4842500
1164,40.775250351410705,-73.95960541833071,2016,1600000
1165,40.775268,-73.955526,2015,860000
1166,40.775288811864,-73.9597028793062,2014,3240000
1167,40.775288811864,-73.9597028793062,2016,4359000
1168,40.775289,-73.959703,2015,7007500
1169,40.7752903571529,-73.9496728259587,2014,780300
1170,40.7752919192435,-73.96075354165521,2014,7225000
1171,40.775292,-73.96075400000001,2015,6345000
1172,40.775298,-73.95559,2015,7063875
1173,40.775298279265705,-73.95559047945959,2016,6275000
1174,40.7753,-73.96077199999999,2015,4450000
1175,40.775366962968796,-73.9557601287603,2014,6459875
1176,40.775366962968796,-73.9557601287603,2016,2008632
1177,40.775366999999996,-73.95576,2015,775000
1178,40.775376,-73.94579499999999,2015,10491500
1179,40.775376429862206,-73.94579504647879,2014,10560000
1180,40.775376429862206,-73.94579504647879,2016,4825000
1181,40.775389692618496,-73.95781811881871,2016,1708000
1182,40.77539,-73.957818,2015,3352255
1183,40.77541,-73.96210699999999,2015,1100000
1184,40.775410396137204,-73.9621074229794,2014,2800000
1185,40.775410396137204,-73.9621074229794,2016,2677500
1186,40.7754277339006,-73.9499940599798,2014,5908000
1187,40.7754277339006,-73.9499940599798,2016,3667500
1188,40.775431,-73.945972,2015,2523470
1189,40.7754314076875,-73.9459719180833,2014,3250000
1190,40.7754314076875,-73.9459719180833,2016,7878089
1191,40.7754835409,-73.95214228971659,2014,545000
1192,40.7754876229312,-73.95547842642559,2014,699000
1193,40.775490000000005,-73.953496,2015,4000000
1194,40.775495548119295,-73.9623059542805,2014,9883750
1195,40.775495548119295,-73.9623059542805,2016,8850000
1196,40.775496000000004,-73.96230600000001,2015,4576000
1197,40.775508,-73.946102,2015,4147500
1198,40.7755083211904,-73.94610183519421,2014,11515500
1199,40.7755247538975,-73.9522433552959,2014,668380
1200,40.7755416373385,-73.9605981411092,2014,3290000
1201,40.7755416373385,-73.9605981411092,2016,3500000
1202,40.775554974414895,-73.952311933967,2014,2166800
1203,40.775554974414895,-73.952311933967,2016,319000
1204,40.775555,-73.952312,2015,818000
1205,40.775557802335896,-73.9462642696574,2014,5837500
1206,40.775557802335896,-73.9462642696574,2016,1875000
1207,40.775558000000004,-73.946264,2015,10085000
1208,40.775559,-73.964386,2015,7395000
1209,40.7755593386141,-73.9643855917701,2014,6750000
1210,40.7755593386141,-73.9643855917701,2016,8242500
1211,40.77556869361629,-73.9523010925068,2014,1900000
1212,40.77556869361629,-73.9523010925068,2016,2750000
1213,40.775585,-73.946286,2015,2650000
1214,40.7755852598045,-73.946285910778,2014,4950500
1215,40.7755852598045,-73.946285910778,2016,3340000
1216,40.7756236614532,-73.9524779699929,2016,2574900
1217,40.775636999999996,-73.946409,2015,1500016
1218,40.775681,-73.946557,2015,4259000
1219,40.7756814515034,-73.9465566245441,2014,5992030
1220,40.7756814515034,-73.9465566245441,2016,2305000
1221,40.7756936254413,-73.9558610071946,2016,1585000
1222,40.775708813705,-73.9526367735465,2014,2494535
1223,40.775709,-73.952637,2015,1750000
1224,40.77574,-73.948773,2015,279000
1225,40.775740097839495,-73.9487734579831,2016,1527030
1226,40.7757483609236,-73.9488384416164,2016,882500
1227,40.775748655174,-73.9562148050938,2014,3865000
1228,40.775748655174,-73.9562148050938,2016,2842500
1229,40.775749,-73.956215,2015,2900000
1230,40.77575277100429,-73.9527378378257,2014,377000
1231,40.77575277100429,-73.9527378378257,2016,350000
1232,40.775753,-73.952738,2015,1000000
1233,40.7757593526918,-73.9488673176162,2016,295000
1234,40.775830767059496,-73.9489828006825,2014,1612500
1235,40.775841777955,-73.9490550034478,2014,221000
1236,40.775855,-73.949048,2015,4948450
1237,40.775855498446,-73.9490477718295,2016,2351500
1238,40.7759215337634,-73.9561099850598,2014,8075000
1239,40.7759215337634,-73.9561099850598,2016,11220000
1240,40.775921999999994,-73.95611,2015,9605000
1241,40.775940000000006,-73.955186,2015,825000
1242,40.7759403911546,-73.95518566792741,2016,1572000
1243,40.775954,-73.955218,2015,315000
1244,40.7759654009829,-73.94930403797659,2014,885000
1245,40.7759678623777,-73.9552470290745,2014,1052000
1246,40.7759678623777,-73.9552470290745,2016,823500
1247,40.775968,-73.955247,2015,415000
1248,40.776003,-73.960233,2015,3537815
1249,40.776004,-73.957265,2015,1200000
1250,40.776004310150796,-73.9572653124837,2014,2500000
1251,40.776004310150796,-73.9572653124837,2016,4175250
1252,40.7760220242099,-73.9607675536345,2014,8282500
1253,40.7760220242099,-73.9607675536345,2016,4825000
1254,40.776034,-73.96441800000001,2015,4750000
1255,40.776034,-73.955409,2015,200000
1256,40.77603871690621,-73.96143188876691,2014,2100000
1257,40.77603871690621,-73.96143188876691,2016,1600000
1258,40.7760451013599,-73.94953866441959,2014,2585000
1259,40.77604803345061,-73.9499683201724,2014,970000
1260,40.776096,-73.961616,2015,7949000
1261,40.7760964178656,-73.961615994601,2016,3528000
1262,40.776111,-73.957565,2015,10825000
1263,40.7761114656363,-73.9575649213992,2014,1325000
1264,40.776143,-73.960154,2015,4000000
1265,40.776163000000004,-73.94981999999999,2015,3402000
1266,40.776163248020794,-73.9498201999324,2016,4494000
1267,40.776177823895296,-73.95181683870901,2014,455000
1268,40.776177823895296,-73.95181683870901,2016,1525000
1269,40.776178,-73.951817,2015,1850000
1270,40.776305,-73.947997,2015,13348130
1271,40.7763051658784,-73.94799674747459,2016,1645000
1272,40.7763436540274,-73.9481339197345,2016,2191000
1273,40.776344,-73.948134,2015,1156500
1274,40.776348,-73.952178,2015,301000
1275,40.7763546443467,-73.9481591852895,2016,8374500
1276,40.776355,-73.94815899999999,2015,6578500
1277,40.776362867182996,-73.94813390476979,2016,1799000
1278,40.776363,-73.948134,2015,9217500
1279,40.7763766022389,-73.94815916819529,2014,7017393
1280,40.7764150918142,-73.9482999512862,2014,1231500
1281,40.7764205683239,-73.94827106230271,2016,1268500
1282,40.776421,-73.94972299999999,2015,1750000
1283,40.776421,-73.94827099999999,2015,615000
1284,40.7764288300716,-73.948332435947,2014,10525312
1285,40.776442548896796,-73.94832159352471,2014,5153800
1286,40.776468575108396,-73.9583698562559,2014,3279184
1287,40.776478000000004,-73.948408,2015,977000
1288,40.7764782693011,-73.9484082200732,2016,2875000
1289,40.776497522835,-73.9484984700468,2016,550000
1290,40.776511240061495,-73.94848401705241,2014,4145499
1291,40.7765125442809,-73.9585178632127,2014,2835000
1292,40.7765125442809,-73.9585178632127,2016,7629500
1293,40.776513,-73.95851800000001,2015,11550000
1294,40.776523996404,-73.95985377690229,2016,1540000
1295,40.776524,-73.959854,2015,6127000
1296,40.7765387148509,-73.9485453759607,2014,1065000
1297,40.776542,-73.949636,2015,1500000
1298,40.776579929387495,-73.9486428303163,2014,3625000
1299,40.7765909421016,-73.9487186444371,2014,1229000
1300,40.776596963011706,-73.9567016784181,2014,1250000
1301,40.776596963011706,-73.9567016784181,2016,1731025
1302,40.776596999999995,-73.956702,2015,4590000
1303,40.7766337569068,-73.95977066686609,2016,5971667
1304,40.776634,-73.95977099999999,2015,4727177
1305,40.776692,-73.960915,2015,640000
1306,40.7767,-73.960886,2015,975000
1307,40.776733573648,-73.9550659840537,2014,1200000
1308,40.776733573648,-73.9550659840537,2016,715000
1309,40.776734000000005,-73.955066,2015,7366000
1310,40.7767420403734,-73.9490290404384,2014,1585000
1311,40.776781,-73.951235,2015,245000
1312,40.776781421395995,-73.9512350935983,2014,275000
1313,40.776795158825294,-73.9512675790434,2014,255000
1314,40.776801,-73.959648,2015,2250000
1315,40.776801142913996,-73.9596478049402,2014,4600000
1316,40.776808897771296,-73.9513036751133,2016,260000
1317,40.776809,-73.95130400000001,2015,265000
1318,40.776822635181105,-73.95133616058591,2014,235000
1319,40.77682707750729,-73.9633342253132,2016,1089000
1320,40.776850560226706,-73.95248070503192,2014,549000
1321,40.776850560226706,-73.95248070503192,2016,598800
1322,40.776851,-73.952481,2015,299130
1323,40.77685659152,-73.96126171616869,2016,6337500
1324,40.776857,-73.961262,2015,5900000
1325,40.776857,-73.94930699999999,2015,2037500
1326,40.7768574419423,-73.949306969469,2016,970833
1327,40.776859,-73.961309,2015,2050000
1328,40.7768593520265,-73.9613086525574,2014,2280000
1329,40.7768803507444,-73.95151664922291,2014,330000
1330,40.7769493409346,-73.95240842214051,2016,575000
1331,40.777023,-73.951813,2015,6855000
1332,40.777023199714996,-73.95180900576399,2014,11932500
1333,40.7770274041469,-73.9632113537919,2016,4000000
1334,40.7770369565891,-73.9518884295535,2014,13993000
1335,40.7770369565891,-73.9518884295535,2016,4555000
1336,40.777037,-73.951888,2015,7145000
1337,40.777079081931,-73.9477758948294,2016,495000
1338,40.7770947561918,-73.9594382106061,2014,147500
1339,40.777100950941204,-73.95400782209,2014,1116000
1340,40.777100950941204,-73.95400782209,2016,425000
1341,40.777101,-73.954008,2015,300000
1342,40.7771134282071,-73.957928956398,2014,1150000
1343,40.7771134282071,-73.957928956398,2016,4513000
1344,40.7771288803369,-73.9552318062718,2014,616667
1345,40.7771288803369,-73.9552318062718,2016,2330000
1346,40.777128999999995,-73.955232,2015,2610000
1347,40.777187616290895,-73.95814915812879,2014,3125000
1348,40.777193710854704,-73.9598497625061,2014,8475000
1349,40.777193710854704,-73.9598497625061,2016,1750000
1350,40.777194,-73.95985,2015,4600000
1351,40.7772237333601,-73.95936591934709,2016,1527375
1352,40.777249,-73.954358,2015,4044000
1353,40.777263,-73.95439,2015,370000
1354,40.7772630425036,-73.95439043765809,2014,418000
1355,40.7772630425036,-73.95439043765809,2016,360000
1356,40.77727,-73.959308,2015,4200000
1357,40.777277000000005,-73.95442299999999,2015,715000
1358,40.7772877708356,-73.9544554122108,2014,349000
1359,40.7772877708356,-73.9544554122108,2016,400000
1360,40.777288,-73.95445500000001,2015,679000
1361,40.7773015073559,-73.9544878985672,2014,305000
1362,40.777302,-73.954488,2015,365000
1363,40.777324,-73.95651,2015,405000
1364,40.7773297246664,-73.9564809528833,2014,2391250
1365,40.7773297246664,-73.9564809528833,2016,2713000
1366,40.77733,-73.95648100000001,2015,8362000
1367,40.7773407294996,-73.9565495478732,2016,425000
1368,40.777341,-73.95655,2015,427500
1369,40.777347999999996,-73.962471,2015,1535000
1370,40.777348299622,-73.9624709950105,2014,2199000
1371,40.777352,-73.958539,2015,4130000
1372,40.7773524414348,-73.9585390038478,2014,1800000
1373,40.7773524414348,-73.9585390038478,2016,5343900
1374,40.777356,-73.954614,2015,4310757
1375,40.777356451923396,-73.954614233486,2014,8830594
1376,40.7773572115261,-73.956585643539,2014,799000
1377,40.7773572115261,-73.956585643539,2016,865000
1378,40.7773620185991,-73.96245654470991,2014,1700000
1379,40.777405,-73.959214,2015,2435000
1380,40.777417946552504,-73.9506388709559,2014,1874000
1381,40.777417946552504,-73.9506388709559,2016,2069000
1382,40.777418,-73.950639,2015,3572500
1383,40.77742,-73.956734,2015,3970000
1384,40.777420396138,-73.95673363880908,2014,1800000
1385,40.777420396138,-73.95673363880908,2016,1706900
1386,40.7774505990784,-73.9567625043617,2014,1482500
1387,40.7774505990784,-73.9567625043617,2016,3656000
1388,40.777451,-73.956763,2015,840000
1389,40.7775745736285,-73.9510539800576,2014,1615000
1390,40.777733572934,-73.9574772317866,2016,980000
1391,40.777832000000004,-73.957712,2015,625000
1392,40.7778324697999,-73.9577118620397,2014,270000
1393,40.7778324697999,-73.9577118620397,2016,1116475
1394,40.7778427014733,-73.9557223772687,2014,9668333
1395,40.7778427014733,-73.9557223772687,2016,5237500
1396,40.777843,-73.955722,2015,19523000
1397,40.777845,-73.96164,2015,625000
1398,40.777904,-73.958849,2015,1925000
1399,40.777904244712296,-73.95884917803691,2014,5501000
1400,40.777904244712296,-73.95884917803691,2016,2542500
1401,40.777913,-73.960976,2015,3936500
1402,40.7779132187546,-73.96097585837771,2016,3015000
1403,40.777931,-73.95794599999999,2015,1500000
1404,40.7779313661865,-73.95794649298959,2016,2890000
1405,40.777976550569,-73.9540794308383,2014,16481250
1406,40.777976550569,-73.9540794308383,2016,13370000
1407,40.777977,-73.95407900000001,2015,28732000
1408,40.7779783134497,-73.95167833021058,2014,595000
1409,40.77798,-73.956094,2015,752500
1410,40.778009999999995,-73.95616600000001,2015,2790000
1411,40.7780103001616,-73.95616637915529,2014,1935000
1412,40.7780103001616,-73.95616637915529,2016,2110000
1413,40.7780359675228,-73.9587804937371,2014,4370000
1414,40.778054,-73.956224,2015,450000
1415,40.778054237898004,-73.95622412111,2014,4111500
1416,40.778054237898004,-73.95622412111,2016,1150000
1417,40.778056,-73.962189,2015,2650000
1418,40.7780563494939,-73.9621889629308,2014,1500000
1419,40.7780563494939,-73.9621889629308,2016,1725000
1420,40.778065000000005,-73.96293299999999,2015,1375000
1421,40.778071630998,-73.9587299221304,2014,4914875
1422,40.778071630998,-73.9587299221304,2016,3200000
1423,40.778071999999995,-73.95873,2015,5650000
1424,40.778094,-73.960254,2015,4525000
1425,40.7784,-73.95709000000001,2015,1050000
1426,40.7784004005604,-73.9570904612072,2016,1850000
1427,40.778447,-73.95715899999999,2015,850000
1428,40.77847,-73.953133,2015,3987000
1429,40.7784702221564,-73.9531330863483,2014,1921018
1430,40.7784702221564,-73.9531330863483,2016,419000
1431,40.7784929038675,-73.9626219994639,2014,2600000
1432,40.7785157666185,-73.95732508268121,2014,4664000
1433,40.7785157666185,-73.95732508268121,2016,1850000
1434,40.778515999999996,-73.957325,2015,2975000
1435,40.778525,-73.953259,2015,5088085
1436,40.778525168199394,-73.9532594223665,2014,6108000
1437,40.778525168199394,-73.9532594223665,2016,1390000
1438,40.7785295183528,-73.9574008986857,2014,5295000
1439,40.7785295183528,-73.9574008986857,2016,2495000
1440,40.7785906627606,-73.959509513564,2016,1050000
1441,40.7786386623853,-73.95568935159409,2014,3040000
1442,40.7786386623853,-73.95568935159409,2016,7735500
1443,40.778639,-73.955689,2015,7932000
1444,40.7786615945231,-73.958299881667,2014,4900000
1445,40.778662,-73.9583,2015,575000
1446,40.778705,-73.957769,2015,3633000
1447,40.7787053169999,-73.95776907916371,2014,5065000
1448,40.7787053169999,-73.95776907916371,2016,700000
1449,40.7787197727733,-73.9598163459049,2016,160000
1450,40.778774713997,-73.9599499093472,2014,2075000
1451,40.7788,-73.96198299999999,2015,1499500
1452,40.778923999999996,-73.961972,2015,8415000
1453,40.7790018513195,-73.95805052813171,2016,2625000
1454,40.7790106182199,-73.95236000939659,2014,14808924
1455,40.7790106182199,-73.95236000939659,2016,5967500
1456,40.779011,-73.95236,2015,14363462
1457,40.779059000000004,-73.95803199999999,2015,13275000
1458,40.7790594841931,-73.95803243815209,2014,6094806
1459,40.7790594841931,-73.95803243815209,2016,1470000
1460,40.779125,-73.956841,2015,1675000
1461,40.7791345501699,-73.9607512768331,2014,3374000
1462,40.7791345501699,-73.9607512768331,2016,3620000
1463,40.779135,-73.960751,2015,2425000
1464,40.779251,-73.957094,2015,3517000
1465,40.7792512699564,-73.95709352364649,2014,9190000
1466,40.7792512699564,-73.95709352364649,2016,18295000
1467,40.7792523055213,-73.9599712865617,2016,3100000
1468,40.7792787602744,-73.95720904981229,2014,2200000
1469,40.779278999999995,-73.95720899999999,2015,2650000
1470,40.779283,-73.955097,2015,6800000
1471,40.7792834460214,-73.95509676009429,2014,11895000
1472,40.77931045211329,-73.9614588797349,2014,4330000
1473,40.77931045211329,-73.9614588797349,2016,750000
1474,40.7793838621437,-73.95942598394309,2014,5700000
1475,40.779384,-73.95942600000001,2015,2140000
1476,40.779387,-73.961394,2015,14712500
1477,40.7793872829514,-73.9613938417283,2014,3450000
1478,40.7793872829514,-73.9613938417283,2016,6430000
1479,40.779413,-73.957249,2015,3250000
1480,40.779685,-73.95756999999999,2015,3485000
1481,40.779769708618105,-73.9562518795052,2014,817500
1482,40.779769708618105,-73.9562518795052,2016,1038000
1483,40.7798096402244,-73.9604150768415,2014,981000
1484,40.77981,-73.960415,2015,2965000
1485,40.779878000000004,-73.960578,2015,1450000
1486,40.779890568556496,-73.95649372232091,2014,2520000
1487,40.779890568556496,-73.95649372232091,2016,900000
1488,40.779891,-73.95649399999999,2015,7605000
1489,40.779926,-73.956627,2015,3035000
1490,40.779926300475296,-73.9566272978848,2014,5395000
1491,40.779926300475296,-73.9566272978848,2016,1700000
1492,40.77995,-73.96155999999999,2015,2950000
1493,40.7799500092258,-73.9615596114653,2014,19560000
1494,40.7799500092258,-73.9615596114653,2016,8409750
1495,40.779968,-73.958797,2015,6450000
1496,40.7799682678429,-73.9587973514987,2014,2075000
1497,40.7799682678429,-73.9587973514987,2016,11445000
1498,40.7799732251686,-73.9573349809628,2014,3255500
1499,40.7799732251686,-73.9573349809628,2016,3725000
1500,40.780025957545796,-73.9589381364835,2014,1263500
1501,40.780025957545796,-73.9589381364835,2016,1775000
1502,40.780026,-73.958938,2015,1698000
1503,40.780033601319,-73.95731327755429,2014,1760000
1504,40.780033601319,-73.95731327755429,2016,3866000
1505,40.780034,-73.957313,2015,400000
1506,40.7800726719817,-73.9590897608246,2016,8124000
1507,40.780073,-73.95909,2015,3732650
1508,40.7802833051946,-73.9571325774415,2014,1791000
1509,40.7802833051946,-73.9571325774415,2016,2733400
1510,40.7803556136457,-73.9597539750308,2014,9961750
1511,40.7803556136457,-73.9597539750308,2016,1090000
1512,40.780356,-73.959754,2015,7685000
1513,40.780393,-73.95702800000001,2015,3282500
1514,40.780393055595205,-73.95702779339271,2016,2005000
1515,40.780511,-73.95694499999999,2015,4146175
1516,40.7805110481999,-73.95694466854471,2014,950000
1517,40.7805110481999,-73.95694466854471,2016,6985000
1518,40.7805581437936,-73.9581253747941,2016,2010000
1519,40.780579323012795,-73.9560346985713,2014,475000
1520,40.780590999999994,-73.958205,2015,2600000
1521,40.7805911094512,-73.958204792045,2014,1854000
1522,40.780599,-73.958176,2015,3122500
1523,40.7805993331757,-73.9581759003405,2014,2197876
1524,40.780611,-73.961075,2015,6575000
1525,40.7806113279693,-73.9610753800177,2014,13935000
1526,40.780620817347796,-73.9568904352818,2014,3700000
1527,40.780620817347796,-73.9568904352818,2016,5050006
1528,40.780621000000004,-73.95689,2015,6640000
1529,40.7806330421409,-73.960360425043,2014,2859000
1530,40.7806358042534,-73.9604109748753,2016,1700000
1531,40.780640540849,-73.95827697741879,2014,4962500
1532,40.780684,-73.958378,2015,5350000
1533,40.780684493168394,-73.9583780529065,2016,4750000
1534,40.780718,-73.960563,2015,4454000
1535,40.780718198301,-73.9605625805051,2016,2133000
1536,40.780954335405,-73.9608260317492,2014,3600000
1537,40.781040999999995,-73.958692,2015,2700000
1538,40.781102000000004,-73.959378,2015,5082000
1539,40.7811020497738,-73.9593779959817,2014,5160875
1540,40.7811020497738,-73.9593779959817,2016,2800000
1541,40.781149,-73.959923,2015,3500000
1542,40.781234000000005,-73.960616,2015,7644500
1543,40.781294,-73.95984,2015,6657500
1544,40.7812943431984,-73.9598400681709,2014,6549125
1545,40.7816238814396,-73.9603309481899,2014,13215500
1546,40.781624,-73.96033100000001,2015,8300000
1547,40.7821068361043,-73.95998762500571,2014,1150000
1548,40.7821068361043,-73.95998762500571,2016,1717000
1549,40.784783812375395,-73.9483476187759,2016,1505000
1550,40.784794801016105,-73.94836927652459,2016,1187500
1551,40.786335,-73.949957,2015,115000
1552,40.7863352969267,-73.94995697872909,2016,213000
1553,40.786809999999996,-73.950227,2015,405000
1554,40.786955999999996,-73.951441,2015,1395000
1555,40.787507,-73.94881099999999,2015,4373833
1556,40.787526,-73.948858,2015,4373833
1557,40.787548,-73.94890500000001,2015,4373833
1558,40.7876230554074,-73.95107187127259,2014,1395000
1559,40.7876230554074,-73.95107187127259,2016,350000
1560,40.7876587721524,-73.95115490264399,2016,399000
1561,40.787659000000005,-73.951155,2015,400000
1562,40.7880468067835,-73.94725810951108,2016,17532309
1563,40.788066,-73.95408,2015,6244976
1564,40.7880661950353,-73.9540796942858,2016,940000
1565,40.788081,-73.949306,2015,4200000
1566,40.788163,-73.948453,2015,800000
1567,40.788242,-73.94864100000001,2015,1835000
1568,40.7882423073685,-73.94864105670959,2016,252000
1569,40.78832991946221,-73.9546609215737,2014,4732000
1570,40.788352,-73.954993,2015,6200000
1571,40.7883520075345,-73.95499314046009,2016,5650000
1572,40.788371145754795,-73.9548017318353,2014,4042000
1573,40.788409590398295,-73.95484865187541,2014,3838534
1574,40.788416999999995,-73.94096,2015,2240350
1575,40.7884170360561,-73.9409598099461,2014,1420000
1576,40.7884170360561,-73.9409598099461,2016,2079500
1577,40.78848014081721,-73.940912807793,2014,549000
1578,40.78848014081721,-73.940912807793,2016,485000
1579,40.788513449117396,-73.94734079853491,2016,13227026
1580,40.7885418162006,-73.9434875735587,2016,3450000
1581,40.7887121572491,-73.94383049849529,2014,1510000
1582,40.788914,-73.954144,2015,5650521
1583,40.788914342957604,-73.95414411213879,2014,2899439
1584,40.788914342957604,-73.95414411213879,2016,3778500
1585,40.78897,-73.943635,2015,2500000
1586,40.789095945658495,-73.9428659632189,2014,260000
1587,40.789096,-73.94286600000001,2015,375000
1588,40.789155993895996,-73.9544328482576,2014,6200000
1589,40.789155993895996,-73.9544328482576,2016,837500
1590,40.789290696353,-73.9484199593127,2014,3620348
1591,40.789291,-73.94842,2015,2698295
1592,40.789347849057606,-73.9473437498624,2016,1447105
1593,40.789431,-73.949474,2015,1020000
1594,40.789677528070996,-73.9422623752661,2014,1299000
1595,40.789677528070996,-73.9422623752661,2016,1573000
1596,40.789678,-73.942262,2015,1296000
1597,40.789748997612904,-73.94247538083671,2016,440557
1598,40.789763,-73.942465,2015,555000
1599,40.790032000000004,-73.948943,2015,589000
1600,40.7900320068632,-73.9489430277805,2014,690000
1601,40.7900320068632,-73.9489430277805,2016,705000
1602,40.790184227839,-73.9456963182672,2014,2475000
1603,40.790226097291395,-73.9415143520815,2016,4500000
1604,40.7905007249227,-73.9475378512092,2014,7624184
1605,40.7905007249227,-73.9475378512092,2016,2421943
1606,40.790501,-73.947538,2015,4411969
1607,40.790618,-73.94645799999999,2015,620000
1608,40.79061825177279,-73.9464579615226,2016,933000
1609,40.7906787011858,-73.946598756133,2014,643000
1610,40.7911756867218,-73.953358882611,2014,9472563
1611,40.7911756867218,-73.953358882611,2016,6561497
1612,40.791176,-73.95335899999999,2015,7560506
1613,40.791205,-73.945883,2015,3380000
1614,40.7912878094617,-73.9461215630497,2016,2400000
1615,40.791557,-73.95308100000001,2015,6965458
1616,40.791557091365,-73.9530805366655,2014,2990000
1617,40.791557091365,-73.9530805366655,2016,7156800
1618,40.791664000000004,-73.94090600000001,2015,780000
1619,40.7916640264641,-73.9409063705944,2014,840000
1620,40.7917299813434,-73.94106521461579,2014,830000
1621,40.7917299813434,-73.94106521461579,2016,2120000
1622,40.7918095328889,-73.9528997874578,2014,700000
1623,40.79181,-73.9529,2015,2500000
1624,40.791878000000004,-73.945428,2015,3800000
1625,40.791949,-73.945554,2015,2365000
1626,40.7921796330775,-73.9401258405206,2014,675000
1627,40.7921796330775,-73.9401258405206,2016,830000
1628,40.7921796574568,-73.940172789301,2016,1607500
1629,40.79218,-73.940173,2015,1533000
1630,40.79218,-73.940126,2015,763000
1631,40.792522999999996,-73.946088,2015,320000
1632,40.79265735698021,-73.94596516137591,2014,4620000
1633,40.792692685568106,-73.9452175575792,2016,750000
1634,40.792730997464204,-73.93950055925279,2016,3636000
1635,40.792730999999996,-73.939501,2015,1228000
1636,40.792888,-73.940772,2015,3932925
1637,40.792888107303604,-73.94077165911679,2014,1900680
1638,40.792888107303604,-73.94077165911679,2016,2186866
1639,40.7929178886417,-73.945502679677,2014,1420000
1640,40.793137,-73.944372,2015,800000
1641,40.79322210927911,-73.9445706629304,2016,1300000
1642,40.793240000000004,-73.937438,2015,225000
1643,40.793240416240394,-73.9374379275702,2014,205000
1644,40.793240416240394,-73.9374379275702,2016,150000
1645,40.793286,-73.940504,2015,415000
1646,40.7935131731872,-73.93936261072899,2014,1366296
1647,40.7936249002978,-73.9431654444801,2014,2250000
1648,40.7936451186702,-73.94524205451091,2016,2300000
1649,40.793912,-73.940027,2015,2650000
1650,40.7939191346745,-73.9442883824139,2014,1800000
1651,40.794043215958204,-73.93995442172391,2016,2925000
1652,40.7941249691397,-73.938834766901,2014,1691500
1653,40.7941249691397,-73.938834766901,2016,1830000
1654,40.7942352584239,-73.93978450529059,2014,1707500
1655,40.7942987417956,-73.935371119878,2016,2225000
1656,40.7943262275378,-73.9354397128902,2016,1675000
1657,40.7943537112181,-73.93550469439671,2016,2450000
1658,40.7943811948618,-73.9355696759568,2016,2250000
1659,40.7943815776488,-73.9414312469364,2016,3300000
1660,40.794391,-73.9434,2015,650000
1661,40.7943953159703,-73.9414601273817,2016,3450000
1662,40.7944063113891,-73.94149262181679,2016,3425000
1663,40.7944475317766,-73.9415900979619,2014,869000
1664,40.7944475317766,-73.9415900979619,2016,1284233
1665,40.794447999999996,-73.94159,2015,860000
1666,40.7944612718874,-73.9416225900372,2016,6496604
1667,40.7945089582843,-73.9436847561918,2016,5509000
1668,40.794509000000005,-73.943685,2015,3032500
1669,40.794513507579204,-73.9417922881579,2016,2006500
1670,40.7945272476328,-73.941824780307,2016,4373570
1671,40.7945886435041,-73.94386526763,2014,2704000
1672,40.794745005826,-73.9333915376908,2016,4300000
1673,40.7948831027199,-73.9348974338712,2014,2350000
1674,40.7949696745966,-73.9428753685934,2014,412500
1675,40.7949696745966,-73.9428753685934,2016,1125000
1676,40.794989,-73.942922,2015,950000
1677,40.7950301283449,-73.9430161691535,2016,1900000
1678,40.79505,-73.95055,2015,6555000
1679,40.7950500750664,-73.95054995359759,2014,3795000
1680,40.79508646267,-73.93534146231269,2016,3112400
1681,40.7951249435267,-73.93543893830659,2014,1100000
1682,40.795446999999996,-73.948166,2015,495000
1683,40.7954470134224,-73.94816598733651,2016,600000
1684,40.795518,-73.935774,2015,1110000
1685,40.7956581337928,-73.9367241633328,2016,1030000
1686,40.795678,-73.95008,2015,3386500
1687,40.7956784155109,-73.95007997419229,2014,8551157
1688,40.7956784155109,-73.95007997419229,2016,7869407
1689,40.795792999999996,-73.94867099999999,2015,1708455
1690,40.795836177815296,-73.9468763272335,2016,8013555
1691,40.79596,-73.947801,2015,1750000
1692,40.7962941429698,-73.946005549454,2014,2000000
1693,40.796304,-73.949614,2015,6814574
1694,40.7963040108278,-73.9496135996612,2016,10690000
1695,40.7963040139851,-73.94962082299851,2014,48988692
1696,40.796442986919395,-73.9364705998807,2014,1500000
1697,40.796443,-73.936471,2015,2200000
1698,40.796682065678795,-73.9369940668726,2014,1450000
1699,40.79681155983771,-73.9379004804333,2014,1200000
1700,40.7972163485873,-73.9403885776362,2016,2300000
1701,40.7977044073173,-73.93942380438841,2014,1300000
1702,40.798493,-73.941294,2015,1875000
1703,40.799425720744,-73.9456707201369,2014,3000000
1704,40.799524,-73.94372,2015,4800000
1705,40.80037,-73.945786,2015,2750000
