,LAT,LONG,YEAR,count
0,40.58963614,-73.95810071,2018,1
1,40.58976726,-73.95689738,2017,3
2,40.58976726,-73.95689738,2018,1
3,40.59027308,-73.95228833,2017,2
4,40.5903223,-73.95335274,2017,4
5,40.59070620000001,-73.94834214,2017,1
6,40.59074733,-73.94947422,2017,1
7,40.59074733,-73.94947422,2018,1
8,40.6473691,-73.91732474,2017,6
9,40.6494188,-73.92014449999999,2017,2
10,40.7604291,-73.9587363,2017,1
11,40.7604291,-73.9587363,2018,2
12,40.76058,-73.958727,2017,3
13,40.76058,-73.958727,2018,1
14,40.761399,-73.96002299999999,2017,1
15,40.7614157,-73.95997609999999,2017,1
16,40.761565000000004,-73.95859,2017,3
17,40.761648799999996,-73.96124509999999,2017,2
18,40.761648799999996,-73.96124509999999,2018,1
19,40.7616739,-73.9577816,2017,11
20,40.7617137,-73.95872266,2017,6
21,40.7617185,-73.95871329999999,2017,1
22,40.761831,-73.963099,2017,4
23,40.761831,-73.963099,2018,1
24,40.76187815,-73.96306765,2017,5
25,40.76194,-73.959428,2017,2
26,40.761964299999995,-73.9593562,2017,6
27,40.761964299999995,-73.9593562,2018,1
28,40.761988,-73.9584378,2017,8
29,40.761988,-73.9584378,2018,4
30,40.762015999999996,-73.9612609,2017,1
31,40.7621398,-73.96155544,2017,1
32,40.7622042,-73.96278690000001,2017,2
33,40.7622436,-73.9627946,2017,1
34,40.762244,-73.962795,2017,1
35,40.762439,-73.962597,2018,1
36,40.762439,-73.9625965,2017,1
37,40.7625094,-73.9663128,2017,1
38,40.762619,-73.965479,2017,1
39,40.762619,-73.965479,2018,1
40,40.762786,-73.95756899999999,2017,3
41,40.762786,-73.95756899999999,2018,2
42,40.7628476,-73.95742759999999,2017,1
43,40.76294,-73.96629200000001,2017,13
44,40.76294,-73.96629200000001,2018,1
45,40.762955600000005,-73.9604866,2017,1
46,40.762955600000005,-73.9604866,2018,1
47,40.76296195,-73.96504414,2017,9
48,40.7629691,-73.9603299,2017,4
49,40.762991,-73.965802,2017,1
50,40.763059000000005,-73.962127,2017,12
51,40.763059000000005,-73.962127,2018,4
52,40.76308,-73.964811,2017,9
53,40.763094200000005,-73.9649721,2017,4
54,40.763094200000005,-73.9649721,2018,5
55,40.7631407,-73.9622031,2018,1
56,40.763154,-73.965826,2017,6
57,40.763154,-73.965826,2018,1
58,40.763193799999996,-73.9669656,2017,1
59,40.763277,-73.96704100000001,2017,5
60,40.763284999999996,-73.966613,2017,1
61,40.763321000000005,-73.958862,2017,3
62,40.763321000000005,-73.958862,2018,1
63,40.763408500000004,-73.9647959,2017,5
64,40.7635026,-73.9617615,2017,15
65,40.763503,-73.961762,2017,1
66,40.7635955,-73.95834599999999,2017,1
67,40.7636176,-73.96423075,2017,1
68,40.763626,-73.968986,2017,1
69,40.7636632,-73.9655082,2017,3
70,40.7636632,-73.9655082,2018,1
71,40.763666,-73.958334,2017,3
72,40.763666,-73.958334,2018,1
73,40.763723,-73.96176,2017,1
74,40.7637569,-73.9616521,2017,8
75,40.7637569,-73.9616521,2018,2
76,40.763874,-73.968801,2017,2
77,40.7639362,-73.9641732,2017,6
78,40.7640214,-73.9621214,2017,1
79,40.764086600000006,-73.9651703,2017,4
80,40.7641367,-73.96145,2017,1
81,40.7642023,-73.96067473,2017,3
82,40.7642023,-73.96067473,2018,1
83,40.764228,-73.965439,2017,9
84,40.764249,-73.96945809999998,2017,1
85,40.764249,-73.96945809999998,2018,1
86,40.764259700000004,-73.96850699999999,2017,2
87,40.764374100000005,-73.9580158,2017,4
88,40.764374100000005,-73.9580158,2018,2
89,40.764396000000005,-73.969718,2017,1
90,40.7644076,-73.9591725,2017,4
91,40.7644076,-73.9591725,2018,1
92,40.764413,-73.961978,2017,1
93,40.76443565,-73.95932584,2017,1
94,40.76443565,-73.95932584,2018,1
95,40.7644486,-73.9662417,2018,1
96,40.764478999999994,-73.9624015,2017,9
97,40.764478999999994,-73.9624015,2018,1
98,40.764520000000005,-73.966111,2017,1
99,40.764520000000005,-73.966111,2018,1
100,40.764584,-73.963013,2017,14
101,40.764584,-73.963013,2018,1
102,40.76465820000001,-73.96236009999998,2017,1
103,40.76465820000001,-73.96236009999998,2018,1
104,40.764672499999996,-73.9645967,2017,2
105,40.764672999999995,-73.964597,2017,2
106,40.764672999999995,-73.964597,2018,2
107,40.764734999999995,-73.966675,2017,1
108,40.764835999999995,-73.95907700000001,2018,1
109,40.7649552,-73.9634835,2017,2
110,40.764987,-73.967979,2017,1
111,40.765021999999995,-73.9676308,2017,12
112,40.765033,-73.966823,2017,4
113,40.765062,-73.96810699999999,2017,1
114,40.7650831,-73.9619934,2017,19
115,40.7650831,-73.9619934,2018,2
116,40.76510379999999,-73.9710055,2017,1
117,40.7651537,-73.96998609999999,2017,1
118,40.765293,-73.96417,2017,9
119,40.765293,-73.96417,2018,2
120,40.765394,-73.966245,2017,2
121,40.765452,-73.95810300000001,2017,2
122,40.7654584,-73.9580679,2017,1
123,40.765496399999996,-73.9631442,2017,12
124,40.765496399999996,-73.9631442,2018,1
125,40.765496999999996,-73.96843100000001,2017,2
126,40.765509,-73.964074,2017,1
127,40.7655223,-73.96403000000001,2017,4
128,40.7657679,-73.9519172,2017,5
129,40.7657679,-73.9519172,2018,1
130,40.76578,-73.96330999999999,2017,1
131,40.765788,-73.958897,2018,1
132,40.76586029999999,-73.9693615,2017,1
133,40.76588889999999,-73.9630197,2017,9
134,40.76588889999999,-73.9630197,2018,1
135,40.7659979,-73.952149,2017,4
136,40.765997999999996,-73.952149,2017,3
137,40.766053799999995,-73.9629079,2017,1
138,40.766094,-73.951537,2017,1
139,40.766117,-73.9527438,2017,1
140,40.766118,-73.962175,2017,6
141,40.766150599999996,-73.9568006,2017,6
142,40.766150599999996,-73.9568006,2018,1
143,40.7661623,-73.9567416,2017,4
144,40.7661653,-73.957714,2017,5
145,40.7662,-73.952635,2017,3
146,40.7662,-73.952635,2018,3
147,40.766215,-73.959912,2017,7
148,40.766215,-73.959912,2018,1
149,40.766305100000004,-73.968683,2017,1
150,40.7663184,-73.9580934,2017,1
151,40.766357,-73.96413100000001,2018,1
152,40.766378100000004,-73.95809925,2017,3
153,40.766382,-73.966959,2017,3
154,40.7664148,-73.9639949,2017,2
155,40.766626099999996,-73.9528235,2017,16
156,40.766647,-73.952844,2017,10
157,40.7666491,-73.9587561,2017,5
158,40.7666491,-73.9587561,2018,1
159,40.766691200000004,-73.9687234,2017,2
160,40.7666941,-73.9578868,2017,3
161,40.766816,-73.959399,2017,6
162,40.7668244,-73.9633087,2017,6
163,40.766825,-73.959278,2017,9
164,40.766825,-73.959278,2018,1
165,40.766830999999996,-73.965811,2017,1
166,40.766839000000004,-73.970028,2017,2
167,40.7669153,-73.95494140000001,2017,1
168,40.766971000000005,-73.95496,2017,3
169,40.766971500000004,-73.9674377,2017,1
170,40.766988500000004,-73.9684409,2017,1
171,40.766992,-73.964215,2017,1
172,40.766993,-73.966153,2017,1
173,40.766998,-73.964529,2018,1
174,40.76705845,-73.96166679999999,2018,1
175,40.76707329999999,-73.95879520000001,2017,8
176,40.767183,-73.960269,2017,9
177,40.767183,-73.960269,2018,1
178,40.7672544,-73.9553153,2017,5
179,40.767319,-73.9586,2017,4
180,40.76732,-73.955269,2017,2
181,40.767340000000004,-73.968406,2017,1
182,40.767356,-73.96425500000001,2017,1
183,40.767579,-73.961726,2017,7
184,40.767579,-73.961726,2018,2
185,40.76767435,-73.96115085,2017,1
186,40.767676,-73.959489,2018,1
187,40.7677332,-73.9563296,2017,7
188,40.7677332,-73.9563296,2018,2
189,40.767751700000005,-73.9653256,2017,1
190,40.7677653,-73.95955179999999,2017,4
191,40.7677653,-73.95955179999999,2018,1
192,40.7678001,-73.9629685,2017,11
193,40.7678001,-73.9629685,2018,1
194,40.7678083,-73.9585353,2017,6
195,40.7678083,-73.9585353,2018,5
196,40.7678227,-73.95549759999999,2017,4
197,40.767858000000004,-73.957918,2018,1
198,40.767871,-73.96673299999999,2017,3
199,40.767871,-73.958534,2018,1
200,40.767899,-73.967465,2017,1
201,40.767901,-73.965849,2017,3
202,40.767929200000005,-73.95786429,2017,2
203,40.767929200000005,-73.95786429,2018,1
204,40.767936,-73.960673,2017,1
205,40.7679592,-73.95701762,2018,1
206,40.767975799999995,-73.96090705,2017,1
207,40.767977,-73.960756,2017,4
208,40.768019,-73.962242,2017,1
209,40.768042,-73.960883,2017,1
210,40.7680605,-73.9569554,2017,2
211,40.768068799999995,-73.9572439,2017,2
212,40.768068799999995,-73.9572439,2018,1
213,40.7682671,-73.95972359999999,2017,1
214,40.768304,-73.95585600000001,2018,1
215,40.76830675,-73.95646395,2017,2
216,40.768366,-73.966636,2017,1
217,40.768451899999995,-73.9569678,2017,2
218,40.768461,-73.95993399999999,2017,1
219,40.7684699,-73.95396070000001,2017,1
220,40.7684719,-73.9618968,2017,2
221,40.7684719,-73.9618968,2018,1
222,40.768471999999996,-73.961897,2017,4
223,40.7685029,-73.9499885,2017,7
224,40.7685029,-73.9499885,2018,3
225,40.7685235,-73.9692691,2017,5
226,40.7685235,-73.9692691,2018,1
227,40.768524,-73.969269,2017,1
228,40.768534,-73.957318,2018,1
229,40.768654999999995,-73.961813,2017,1
230,40.768663399999994,-73.9527438,2017,2
231,40.768663399999994,-73.9527438,2018,1
232,40.768667,-73.963796,2018,1
233,40.768714,-73.954335,2017,1
234,40.76875020000001,-73.9571521,2017,8
235,40.76875020000001,-73.9571521,2018,1
236,40.768771799999996,-73.9509299,2017,2
237,40.768771799999996,-73.9509299,2018,1
238,40.76879,-73.952555,2017,3
239,40.768823,-73.960257,2017,7
240,40.768823,-73.956541,2018,1
241,40.768843,-73.958055,2017,6
242,40.76892905,-73.95602748,2017,8
243,40.76898,-73.954451,2018,1
244,40.768995700000005,-73.9518254,2017,3
245,40.769013799999996,-73.9615832,2017,1
246,40.769013799999996,-73.9615832,2018,1
247,40.769048,-73.957453,2017,1
248,40.769076500000004,-73.9546283,2017,5
249,40.769076500000004,-73.9546283,2018,3
250,40.769116,-73.95674100000001,2017,1
251,40.769166999999996,-73.958816,2017,3
252,40.769166999999996,-73.958816,2018,3
253,40.7691961,-73.9677084,2017,3
254,40.769198100000004,-73.96668009999999,2017,2
255,40.7692027,-73.9688841,2017,1
256,40.7692298,-73.958897,2017,1
257,40.76924879999999,-73.9557745,2017,3
258,40.7692526,-73.95877127,2017,1
259,40.769401,-73.967993,2017,1
260,40.769502200000005,-73.9644761,2017,3
261,40.769502200000005,-73.9644761,2018,1
262,40.7695057,-73.965469,2017,2
263,40.7695057,-73.965469,2018,1
264,40.769506,-73.955786,2017,3
265,40.76953820000001,-73.95576659999999,2017,3
266,40.76953820000001,-73.95576659999999,2018,2
267,40.769594,-73.95870500000001,2017,4
268,40.769594,-73.95870500000001,2018,1
269,40.769625,-73.950078,2017,1
270,40.769625,-73.950078,2018,1
271,40.769704100000006,-73.9596547,2017,4
272,40.769705,-73.965154,2017,1
273,40.769725799999996,-73.95999545,2017,9
274,40.76974605,-73.95899201,2017,5
275,40.769762,-73.952363,2017,1
276,40.7697707,-73.9549916,2017,1
277,40.769784,-73.95045999999999,2017,1
278,40.7698,-73.96119499999999,2017,6
279,40.7698148,-73.9550863,2017,4
280,40.7698148,-73.9550863,2018,2
281,40.769846,-73.95716999999999,2017,8
282,40.769846,-73.95716999999999,2018,1
283,40.769859999999994,-73.9593359,2017,3
284,40.769859999999994,-73.9593359,2018,3
285,40.76987379999999,-73.9571388,2017,1
286,40.76987379999999,-73.95229405,2017,1
287,40.769954,-73.962884,2017,3
288,40.769968,-73.95926800000001,2017,1
289,40.770004,-73.960803,2017,2
290,40.770011,-73.96162,2018,1
291,40.7700131,-73.9629538,2017,1
292,40.770042,-73.95354,2017,1
293,40.770042,-73.95354,2018,1
294,40.770057,-73.9587085,2017,2
295,40.770059100000005,-73.9500804,2017,4
296,40.770077,-73.958667,2017,3
297,40.770096,-73.96184699999999,2018,1
298,40.770097,-73.949741,2017,2
299,40.7701,-73.959066,2018,1
300,40.77019105,-73.95901794,2017,1
301,40.7701914,-73.9590118,2017,1
302,40.770191600000004,-73.96824129999999,2017,2
303,40.7702167,-73.9551702,2017,8
304,40.7702167,-73.9551702,2018,1
305,40.77022,-73.961093,2017,7
306,40.770223200000004,-73.95394163,2017,4
307,40.770224,-73.967484,2017,2
308,40.7702466,-73.9607567,2017,7
309,40.7702466,-73.9607567,2018,2
310,40.770255999999996,-73.950113,2017,1
311,40.770259,-73.95229221,2018,1
312,40.770283,-73.96146999999999,2017,1
313,40.770283,-73.96146999999999,2018,1
314,40.770325,-73.957633,2017,3
315,40.770355,-73.962456,2017,3
316,40.7704279,-73.95253709999999,2017,1
317,40.77044,-73.957909,2017,3
318,40.77044,-73.957909,2018,1
319,40.7704513,-73.9548752,2017,10
320,40.770474,-73.94779799999999,2017,2
321,40.770534000000005,-73.956159,2017,2
322,40.770546100000004,-73.9670704,2017,2
323,40.770546100000004,-73.9670704,2018,1
324,40.770577,-73.952292,2017,2
325,40.7706042,-73.95228459999998,2017,5
326,40.7706042,-73.95228459999998,2018,2
327,40.770606,-73.954364,2017,1
328,40.7706063,-73.9543643,2017,11
329,40.7706377,-73.96025159999999,2017,2
330,40.7706377,-73.96025159999999,2018,1
331,40.7706411,-73.96796040000001,2017,3
332,40.7706555,-73.95807049999999,2018,1
333,40.770664000000004,-73.955019,2018,1
334,40.770715,-73.96441800000001,2017,1
335,40.770715,-73.956579,2017,4
336,40.7707184,-73.9480822,2017,1
337,40.77072329999999,-73.9533504,2017,5
338,40.77072329999999,-73.9533504,2018,1
339,40.7707469,-73.96468270000001,2017,1
340,40.770765999999995,-73.959249,2017,1
341,40.770795,-73.963511,2018,1
342,40.770818,-73.9506838,2017,1
343,40.7708195,-73.9595235,2017,10
344,40.770902,-73.9587488,2017,5
345,40.770915,-73.96150300000001,2017,1
346,40.770922999999996,-73.94883399999999,2017,4
347,40.770922999999996,-73.94883399999999,2018,1
348,40.770951000000004,-73.953594,2017,1
349,40.7709564,-73.9487946,2017,1
350,40.770961,-73.947905,2017,6
351,40.770972,-73.964224,2017,2
352,40.770972,-73.964224,2018,1
353,40.771034,-73.951447,2017,1
354,40.771035,-73.961282,2017,2
355,40.771109,-73.9600038,2017,5
356,40.771109,-73.9600038,2018,1
357,40.771152,-73.951724,2017,3
358,40.771157200000005,-73.96463689,2018,1
359,40.771186,-73.949538,2017,6
360,40.771186,-73.949538,2018,2
361,40.771221000000004,-73.958326,2017,1
362,40.7712635,-73.95475235,2017,1
363,40.771326200000004,-73.95492226,2017,4
364,40.7713442,-73.95991070000001,2017,2
365,40.7713442,-73.95991070000001,2018,1
366,40.7713461,-73.9519402,2017,2
367,40.77135820000001,-73.95690379999999,2017,1
368,40.771361999999996,-73.960096,2017,1
369,40.771377,-73.950817,2017,2
370,40.771377,-73.950817,2018,2
371,40.77138,-73.955173,2017,1
372,40.771427200000005,-73.95002159999999,2017,5
373,40.771427200000005,-73.95002159999999,2018,1
374,40.77143,-73.956834,2017,6
375,40.77143,-73.956834,2018,3
376,40.77144106,-73.95486327,2017,6
377,40.771468299999995,-73.95414445,2017,1
378,40.771489,-73.965132,2018,1
379,40.771512200000004,-73.9469031,2017,4
380,40.77153,-73.948386,2017,2
381,40.771609000000005,-73.954777,2017,1
382,40.771615000000004,-73.956723,2017,6
383,40.771615000000004,-73.956723,2018,1
384,40.7716195,-73.94940359,2017,5
385,40.771634999999996,-73.96069399999999,2017,1
386,40.77163869,-73.95488567,2017,2
387,40.771658,-73.9667283,2017,3
388,40.77167,-73.95150600000001,2017,8
389,40.77167,-73.95150600000001,2018,2
390,40.77167365,-73.96457184,2018,1
391,40.7716811,-73.9494145,2017,2
392,40.7717029,-73.9566964,2017,2
393,40.771740799999996,-73.95954449999999,2017,8
394,40.771744399999996,-73.9605944,2017,1
395,40.771778999999995,-73.94685,2017,4
396,40.771808899999996,-73.954041,2017,1
397,40.771818700000004,-73.9628676,2017,3
398,40.771823,-73.955798,2017,3
399,40.7718652,-73.9599302,2017,1
400,40.771878,-73.949215,2017,1
401,40.771919,-73.9551546,2017,2
402,40.771919,-73.9551546,2018,1
403,40.771925,-73.952114,2017,2
404,40.7719586,-73.95231700000001,2018,1
405,40.771968,-73.951396,2017,4
406,40.771995600000004,-73.95565500000001,2017,1
407,40.771997999999996,-73.952279,2017,3
408,40.772008,-73.95732199999999,2017,1
409,40.7720164,-73.9483813,2017,2
410,40.772063,-73.94825,2017,1
411,40.77208579999999,-73.9669097,2017,1
412,40.772143,-73.96446,2017,1
413,40.772152,-73.94657600000001,2017,4
414,40.7722065,-73.94578670000001,2017,4
415,40.772345,-73.98969100000001,2017,2
416,40.772345,-73.98969100000001,2018,1
417,40.7724026,-73.9592035,2017,1
418,40.772405,-73.95750090000001,2017,4
419,40.7724196,-73.9483009,2017,1
420,40.772426,-73.95671999999999,2017,1
421,40.77246235,-73.9623417,2017,2
422,40.772469,-73.961251,2017,2
423,40.772478,-73.966459,2017,1
424,40.772478,-73.966459,2018,1
425,40.7725454,-73.96038933,2017,1
426,40.772559,-73.961481,2017,2
427,40.772565,-73.960973,2017,1
428,40.772565,-73.960973,2018,1
429,40.772575399999994,-73.95521490000002,2017,6
430,40.772575399999994,-73.95521490000002,2018,2
431,40.7726027,-73.9610816,2017,1
432,40.772614000000004,-73.9539377,2017,2
433,40.772614000000004,-73.9539377,2018,1
434,40.772615,-73.955189,2017,1
435,40.772661,-73.94680600000001,2017,3
436,40.772663,-73.952229,2017,1
437,40.7726839,-73.9521239,2017,1
438,40.7726885,-73.95186434,2017,1
439,40.7727054,-73.9665194,2017,1
440,40.772737,-73.96661999999999,2017,1
441,40.772748,-73.96141300000001,2017,1
442,40.772748,-73.96141300000001,2018,2
443,40.772753200000004,-73.9532061,2017,16
444,40.772768,-73.946111,2017,4
445,40.7727733,-73.9621113,2017,2
446,40.7727733,-73.9621113,2018,1
447,40.772796,-73.95213299999999,2017,1
448,40.77280579999999,-73.9531348,2018,1
449,40.77283,-73.951473,2017,5
450,40.772837,-73.947519,2017,2
451,40.772837,-73.947519,2018,1
452,40.77287020000001,-73.95753590000001,2017,3
453,40.7728706,-73.95953990000001,2017,2
454,40.772875799999994,-73.95753149999999,2017,3
455,40.772909999999996,-73.948255,2017,2
456,40.772909999999996,-73.948255,2018,1
457,40.772926,-73.954489,2017,6
458,40.772928,-73.95790699999999,2017,1
459,40.7729426,-73.9513662,2017,1
460,40.7729475,-73.9535703,2017,2
461,40.772949,-73.9615832,2017,2
462,40.7729756,-73.9578396,2017,2
463,40.772981,-73.958543,2017,10
464,40.77298425,-73.96552255,2017,1
465,40.7729898,-73.9567159,2017,1
466,40.773021,-73.960608,2017,4
467,40.773022499999996,-73.9609311,2017,2
468,40.77302375,-73.95597335,2017,1
469,40.773046,-73.95259200000001,2018,1
470,40.7730858,-73.9528703,2017,11
471,40.7730858,-73.9528703,2018,1
472,40.773119,-73.948181,2017,1
473,40.773133,-73.944848,2018,1
474,40.7731393,-73.9462962,2017,2
475,40.7731432,-73.9648387,2017,1
476,40.7731496,-73.95919549999999,2017,1
477,40.77318029999999,-73.9660602,2017,1
478,40.773263,-73.958658,2018,1
479,40.773264000000005,-73.96624200000001,2017,1
480,40.77327415,-73.95661855,2017,1
481,40.77328,-73.956777,2017,1
482,40.7732941,-73.9532948,2017,4
483,40.7732956,-73.9543759,2017,2
484,40.7732956,-73.9543759,2018,1
485,40.7732989,-73.9483124,2017,2
486,40.773317999999996,-73.961902,2017,1
487,40.773317999999996,-73.961902,2018,1
488,40.7733199,-73.9576802,2017,1
489,40.77333065,-73.95435808,2017,11
490,40.77333065,-73.95435808,2018,3
491,40.773334000000006,-73.95964599999999,2017,4
492,40.773334000000006,-73.95964599999999,2018,1
493,40.77333505,-73.95862799,2017,1
494,40.773357,-73.95620799999999,2017,4
495,40.773362,-73.96287,2017,2
496,40.773365000000005,-73.95304399999999,2017,1
497,40.773385,-73.94686999999999,2018,1
498,40.7734237,-73.95683309999998,2017,3
499,40.7734237,-73.95683309999998,2018,1
500,40.7734262,-73.9576391,2017,1
501,40.7734262,-73.9576391,2018,2
502,40.7734321,-73.9627427,2017,1
503,40.7734467,-73.9559498,2018,1
504,40.7734851,-73.95246829999999,2017,12
505,40.7734851,-73.95246829999999,2018,1
506,40.773503000000005,-73.95277,2017,5
507,40.773518700000004,-73.9573473,2017,1
508,40.773519,-73.957347,2017,2
509,40.773548999999996,-73.947784,2017,2
510,40.773548999999996,-73.947784,2018,2
511,40.7735677,-73.9574003,2017,8
512,40.773604999999996,-73.95806400000001,2017,8
513,40.773604999999996,-73.95806400000001,2018,1
514,40.773607,-73.9561,2017,3
515,40.77360824,-73.9533561,2017,1
516,40.7736175,-73.9530795,2017,1
517,40.7736909,-73.95548149999999,2017,1
518,40.773700399999996,-73.96256600000001,2017,1
519,40.7737134,-73.9636473,2017,1
520,40.773714,-73.949642,2017,2
521,40.773724,-73.94624300000001,2017,1
522,40.77373239999999,-73.9553281,2017,7
523,40.77373239999999,-73.9553281,2018,1
524,40.773747,-73.94774,2017,1
525,40.773762,-73.948295,2017,3
526,40.773762,-73.948295,2018,1
527,40.7737635,-73.9644574,2017,3
528,40.7737635,-73.9644574,2018,1
529,40.773765600000004,-73.94664343,2017,1
530,40.773796000000004,-73.958516,2017,2
531,40.77379620000001,-73.9535703,2017,2
532,40.7738231,-73.95552190000001,2017,2
533,40.773863,-73.946574,2017,2
534,40.773874,-73.95197759999999,2017,1
535,40.7738995,-73.95571446,2017,3
536,40.7738995,-73.95571446,2018,1
537,40.773914000000005,-73.956016,2017,1
538,40.7739859,-73.9489945,2017,3
539,40.774002200000005,-73.95596309999999,2017,3
540,40.774029999999996,-73.96244200000001,2017,5
541,40.774029999999996,-73.96244200000001,2018,1
542,40.7740363,-73.9502411,2017,1
543,40.774066600000005,-73.9522989,2017,4
544,40.774066600000005,-73.9522989,2018,2
545,40.77408912,-73.95872524,2017,1
546,40.7741027,-73.9584378,2017,1
547,40.774113,-73.962683,2017,1
548,40.774128999999995,-73.946641,2017,1
549,40.774136,-73.96342,2017,1
550,40.774148,-73.950671,2017,2
551,40.774151,-73.957205,2017,1
552,40.77415429999999,-73.95634799999999,2017,4
553,40.774162100000005,-73.94672209999999,2017,1
554,40.774174,-73.961474,2018,1
555,40.7741852,-73.96539440000001,2017,1
556,40.774186,-73.96337199999999,2017,1
557,40.77431,-73.956956,2017,1
558,40.7743218,-73.95689329999999,2017,2
559,40.7743218,-73.95689329999999,2018,3
560,40.77432279999999,-73.9579991,2017,1
561,40.7743326,-73.9519172,2017,4
562,40.774334100000004,-73.9558546,2017,3
563,40.7743355,-73.96109990000001,2017,1
564,40.774414,-73.95760899999999,2017,1
565,40.774418,-73.949854,2017,1
566,40.774471999999996,-73.958148,2017,2
567,40.774495,-73.960533,2017,1
568,40.774522999999995,-73.9624787,2017,1
569,40.77457415,-73.94745919,2018,1
570,40.774587100000005,-73.9465215,2017,1
571,40.774614,-73.957677,2018,1
572,40.774684,-73.96204399999999,2017,2
573,40.774684,-73.96204399999999,2018,1
574,40.774684,-73.95764764,2017,3
575,40.774704,-73.955861,2017,2
576,40.774704,-73.955861,2018,2
577,40.77471053,-73.95247624,2017,7
578,40.774743,-73.957984,2017,1
579,40.774743,-73.957984,2018,1
580,40.77475,-73.9488864,2017,1
581,40.774769,-73.948717,2017,1
582,40.774769,-73.948717,2018,1
583,40.774799,-73.945101,2017,1
584,40.774843,-73.948959,2017,2
585,40.774843,-73.948959,2018,1
586,40.7748666,-73.9593332,2017,1
587,40.77487360000001,-73.9563207,2017,1
588,40.77487360000001,-73.9563207,2018,3
589,40.7749146,-73.9532319,2017,1
590,40.7749467,-73.9622031,2017,1
591,40.775023,-73.960669,2017,2
592,40.7750345,-73.95970059999999,2017,2
593,40.7750345,-73.95970059999999,2018,1
594,40.775047,-73.957412,2017,6
595,40.7750744,-73.9515728,2018,1
596,40.775079999999996,-73.959562,2017,1
597,40.7751023,-73.9468888,2017,1
598,40.7751023,-73.9468888,2018,1
599,40.77513,-73.95970799999999,2017,5
600,40.77513,-73.95970799999999,2018,1
601,40.775138299999995,-73.94578670000001,2017,1
602,40.77513885,-73.95177635,2017,4
603,40.77513885,-73.95177635,2018,1
604,40.775154,-73.962097,2017,1
605,40.775265399999995,-73.9624098,2017,4
606,40.775265399999995,-73.9624098,2018,1
607,40.775298,-73.95784,2017,1
608,40.77536,-73.945371,2017,2
609,40.77536,-73.945371,2018,1
610,40.775387,-73.95555,2017,2
611,40.775387,-73.946249,2017,1
612,40.775443,-73.961904,2018,1
613,40.7754537,-73.9624503,2017,1
614,40.7754537,-73.9624503,2018,1
615,40.7754688,-73.9554301,2017,3
616,40.775473999999996,-73.96394000000001,2017,2
617,40.775473999999996,-73.96394000000001,2018,1
618,40.7754939,-73.9466592,2017,2
619,40.775523,-73.949931,2017,1
620,40.775565,-73.94667700000001,2017,1
621,40.775570200000004,-73.9547872,2017,2
622,40.775616,-73.95510870000001,2017,1
623,40.775616,-73.95510870000001,2018,1
624,40.7756936,-73.94819759999999,2017,6
625,40.7756936,-73.94819759999999,2018,2
626,40.77569415,-73.95516709,2017,1
627,40.775726,-73.94584499999999,2017,2
628,40.775726,-73.94584499999999,2018,2
629,40.775729999999996,-73.95594100000001,2017,1
630,40.7757597,-73.946223,2017,1
631,40.775781,-73.955421,2018,1
632,40.7758179,-73.95924140000001,2017,1
633,40.775822999999995,-73.958568,2017,1
634,40.7758274,-73.952409,2018,1
635,40.775923,-73.956847,2017,3
636,40.775923,-73.956847,2018,1
637,40.77595529999999,-73.95087290000001,2017,1
638,40.775972499999995,-73.9478532,2017,9
639,40.775972499999995,-73.9478532,2018,1
640,40.77598,-73.95983829999999,2017,1
641,40.77598,-73.956344,2017,2
642,40.776001,-73.949682,2017,4
643,40.776007,-73.949157,2017,2
644,40.776021,-73.944264,2017,5
645,40.776026,-73.94877159999999,2017,3
646,40.7760398,-73.9563255,2017,6
647,40.7760398,-73.9563255,2018,1
648,40.776045,-73.96187900000001,2017,3
649,40.7760492,-73.9577296,2017,4
650,40.7760838,-73.9640284,2017,1
651,40.776129600000004,-73.960619,2017,4
652,40.776153,-73.961327,2017,1
653,40.776189,-73.947328,2017,2
654,40.776239000000004,-73.945504,2018,1
655,40.77624779999999,-73.94734809999999,2017,2
656,40.776259700000004,-73.9584096,2017,4
657,40.776327,-73.947649,2017,1
658,40.7763285,-73.9475088,2017,3
659,40.7764162,-73.9596418,2018,1
660,40.776439,-73.947009,2018,1
661,40.776444399999995,-73.9580781,2017,1
662,40.776466,-73.94798,2017,1
663,40.776532,-73.948971,2017,1
664,40.7765576,-73.94789909999999,2017,1
665,40.776573,-73.948234,2017,2
666,40.776574,-73.956411,2017,1
667,40.776577,-73.95942509999999,2017,1
668,40.776582,-73.962343,2017,1
669,40.776602399999994,-73.95137975,2017,1
670,40.7766242,-73.9611815,2017,1
671,40.776629,-73.953914,2017,4
672,40.776629,-73.953914,2018,1
673,40.776632,-73.94501,2018,1
674,40.776635399999996,-73.94817459999999,2017,2
675,40.77666655,-73.95634091,2017,1
676,40.77666729999999,-73.94392690000001,2017,2
677,40.7766769,-73.95226159999999,2017,3
678,40.776680999999996,-73.961403,2017,3
679,40.776740000000004,-73.961366,2017,1
680,40.776781400000004,-73.9445927,2017,1
681,40.776784,-73.948711,2017,6
682,40.776784,-73.948711,2018,2
683,40.776824,-73.9519402,2017,2
684,40.776824,-73.9519402,2018,1
685,40.7768266,-73.95505440000001,2018,1
686,40.776896,-73.952013,2017,1
687,40.7769133,-73.94490082,2017,1
688,40.7769406,-73.95415009999999,2018,1
689,40.776945,-73.947693,2017,2
690,40.776951000000004,-73.94524200000001,2017,3
691,40.776956799999994,-73.9591257,2017,1
692,40.776963,-73.961269,2017,2
693,40.776972,-73.954278,2017,1
694,40.7770395,-73.95438679,2017,1
695,40.777066999999995,-73.954163,2017,1
696,40.7770851,-73.9541834,2017,1
697,40.777093,-73.956552,2018,2
698,40.7771,-73.951751,2017,1
699,40.777101,-73.954243,2017,1
700,40.777124,-73.94537340000001,2017,1
701,40.777179,-73.962314,2017,1
702,40.777194,-73.959848,2017,3
703,40.7772091,-73.9516646,2017,1
704,40.777213,-73.95647199999999,2017,1
705,40.7772189,-73.9568142,2017,1
706,40.7772189,-73.9568142,2018,1
707,40.777221999999995,-73.958461,2017,2
708,40.7772381,-73.95891999999999,2017,1
709,40.7772381,-73.95891999999999,2018,1
710,40.77725770000001,-73.94672775,2017,1
711,40.777295,-73.9547074,2017,5
712,40.777364,-73.94335500000001,2017,4
713,40.777364,-73.94335500000001,2018,1
714,40.777377,-73.956354,2017,2
715,40.7774193,-73.9442202,2017,2
716,40.7774427,-73.94991834,2017,7
717,40.777446000000005,-73.944477,2017,1
718,40.77751025,-73.95744115,2018,1
719,40.7775765,-73.9566975,2017,7
720,40.7775765,-73.9566975,2018,1
721,40.7776476,-73.95800159999999,2017,2
722,40.777662,-73.959498,2017,1
723,40.77768295,-73.95381259999999,2017,1
724,40.77768705,-73.94458218,2017,2
725,40.777696,-73.946998,2018,1
726,40.777712,-73.949842,2017,1
727,40.777736,-73.94764,2017,2
728,40.777767,-73.953855,2017,1
729,40.7777721,-73.9561648,2017,2
730,40.777848,-73.958598,2017,2
731,40.7778496,-73.9553043,2017,7
732,40.777924799999994,-73.958323,2017,1
733,40.77797,-73.944299,2017,2
734,40.777974,-73.95383100000001,2017,2
735,40.777986,-73.956352,2017,2
736,40.7780439,-73.9611704,2017,1
737,40.77811733,-73.95420712,2017,4
738,40.7781265,-73.95797859999999,2017,1
739,40.77813,-73.95900999999999,2018,1
740,40.778138,-73.949969,2017,3
741,40.7782061,-73.9562192,2017,2
742,40.7782061,-73.9562192,2018,2
743,40.7782179,-73.9571291,2017,2
744,40.7782179,-73.9571291,2018,1
745,40.77825015,-73.96119974,2017,2
746,40.7782664,-73.94594740000001,2017,7
747,40.7782664,-73.94594740000001,2018,2
748,40.778275799999996,-73.9490193,2017,5
749,40.778275799999996,-73.9490193,2018,1
750,40.778434999999995,-73.956907,2017,2
751,40.7784651,-73.952522,2017,2
752,40.7785182,-73.9528103,2017,4
753,40.7785182,-73.9528103,2018,2
754,40.778532,-73.95081850000001,2017,7
755,40.77853765,-73.96184826,2017,1
756,40.7785428,-73.9516717,2017,1
757,40.778543,-73.951672,2017,6
758,40.7785762,-73.9524301,2017,1
759,40.778587,-73.958077,2017,1
760,40.778614000000005,-73.955881,2017,5
761,40.7786406,-73.962272,2018,1
762,40.7786493,-73.9502641,2017,1
763,40.778661,-73.957104,2017,2
764,40.778726,-73.957581,2017,1
765,40.778806,-73.950288,2017,1
766,40.778806,-73.950288,2018,1
767,40.778847799999994,-73.94828290000001,2017,22
768,40.778847799999994,-73.94828290000001,2018,3
769,40.7788835,-73.9498305,2017,1
770,40.7788835,-73.9498305,2018,1
771,40.778894,-73.951252,2017,1
772,40.7789089,-73.9527667,2017,1
773,40.778923999999996,-73.961973,2017,1
774,40.778926500000004,-73.95777199999999,2017,1
775,40.778950200000004,-73.9469577,2017,1
776,40.778950200000004,-73.9469577,2018,1
777,40.7789511,-73.9487257,2017,1
778,40.7789511,-73.9487257,2018,1
779,40.778963,-73.9519,2017,1
780,40.779014000000004,-73.95014,2017,1
781,40.77903835,-73.95187455,2017,5
782,40.77903835,-73.95187455,2018,1
783,40.779038799999995,-73.9519172,2017,3
784,40.77904,-73.952683,2017,2
785,40.779053000000005,-73.949901,2017,1
786,40.779074,-73.946917,2017,2
787,40.779075,-73.960375,2017,1
788,40.7790902,-73.9463148,2017,2
789,40.77909915,-73.95005337,2017,1
790,40.779101000000004,-73.961095,2017,4
791,40.779107200000006,-73.9483299,2017,100
792,40.779107200000006,-73.9483299,2018,5
793,40.779163,-73.95825400000001,2017,1
794,40.779208000000004,-73.947233,2017,6
795,40.77921375,-73.95226261,2017,4
796,40.779233000000005,-73.95538499999999,2017,1
797,40.779261600000005,-73.9495523,2017,1
798,40.7793023,-73.9615353,2017,1
799,40.779303999999996,-73.978941,2017,1
800,40.779357,-73.9595973,2017,1
801,40.779357,-73.959597,2017,1
802,40.779418,-73.954992,2017,1
803,40.779441999999996,-73.951163,2017,2
804,40.77947,-73.94908442,2017,2
805,40.7794706,-73.9567159,2017,2
806,40.7794706,-73.9567159,2018,1
807,40.779517999999996,-73.960334,2017,1
808,40.779602600000004,-73.94940188,2017,2
809,40.7796097,-73.96149140000001,2017,3
810,40.7796097,-73.96149140000001,2018,1
811,40.779613,-73.956234,2017,1
812,40.7796345,-73.95406740000001,2017,7
813,40.77965510000001,-73.9539686,2017,4
814,40.77965510000001,-73.9539686,2018,1
815,40.7796824,-73.96033409999998,2017,1
816,40.77968535,-73.94861967,2017,1
817,40.779775,-73.95665799999999,2017,2
818,40.779799700000005,-73.9487257,2017,1
819,40.779802000000004,-73.948114,2017,1
820,40.779849,-73.957136,2017,2
821,40.779877,-73.958342,2017,3
822,40.7799,-73.957718,2018,1
823,40.7799054,-73.959078,2017,2
824,40.7799054,-73.959078,2018,2
825,40.77994,-73.95624000000001,2017,3
826,40.780033700000004,-73.9498278,2017,1
827,40.780066,-73.957596,2017,1
828,40.780105600000006,-73.9554588,2017,2
829,40.780105600000006,-73.9554588,2018,1
830,40.780120600000004,-73.9553186,2017,1
831,40.780121,-73.954719,2018,1
832,40.780165999999994,-73.9596143,2017,1
833,40.7801727,-73.9590434,2017,3
834,40.780217,-73.949626,2017,1
835,40.7802499,-73.95805899999999,2018,1
836,40.78025,-73.947117,2017,1
837,40.78027120000001,-73.9567847,2017,3
838,40.780277000000005,-73.947284,2017,2
839,40.780322999999996,-73.953756,2017,2
840,40.7804112,-73.9561419,2017,2
841,40.7804112,-73.9561419,2018,1
842,40.7804136,-73.94720252,2017,5
843,40.7804232,-73.95216190000001,2017,1
844,40.780429,-73.960171,2017,2
845,40.780472100000004,-73.9514203,2017,1
846,40.780488299999995,-73.95234,2017,4
847,40.780516,-73.9514109,2017,1
848,40.78053,-73.9575194,2017,4
849,40.7806,-73.95053100000001,2017,2
850,40.780606,-73.951973,2017,1
851,40.780639,-73.960149,2017,1
852,40.780639,-73.960149,2018,1
853,40.78065205,-73.95182669,2017,2
854,40.780665,-73.955854,2017,6
855,40.780665,-73.955854,2018,1
856,40.780713399999996,-73.9518942,2017,3
857,40.780713399999996,-73.9518942,2018,1
858,40.7807327,-73.9571079,2017,2
859,40.7807557,-73.95430999999999,2017,1
860,40.780759100000004,-73.9579098,2017,1
861,40.780759100000004,-73.9579098,2018,1
862,40.780767,-73.954316,2017,3
863,40.780892,-73.958492,2017,2
864,40.780908000000004,-73.95631999999999,2017,5
865,40.780908000000004,-73.95631999999999,2018,2
866,40.7809293,-73.95152647,2017,2
867,40.7809442,-73.9516187,2017,1
868,40.780989,-73.95158,2017,12
869,40.780989,-73.95158,2018,1
870,40.781007,-73.946774,2017,1
871,40.781095,-73.958964,2017,2
872,40.7811466,-73.94734809999999,2017,1
873,40.7811626,-73.9518647,2017,4
874,40.7811626,-73.9518647,2018,2
875,40.7811655,-73.9472103,2017,1
876,40.7811809,-73.954939,2017,1
877,40.7811822,-73.95619479999999,2017,1
878,40.7812136,-73.9570373,2017,2
879,40.7812136,-73.9570373,2018,1
880,40.7812525,-73.95516063,2018,1
881,40.781257000000004,-73.95924140000001,2017,1
882,40.781296000000005,-73.957492,2017,4
883,40.7813093,-73.94650820000001,2017,7
884,40.7813394,-73.9572439,2017,1
885,40.78136920000001,-73.95107809999999,2017,3
886,40.78136920000001,-73.95107809999999,2018,1
887,40.78139,-73.956627,2017,2
888,40.78139,-73.956627,2018,1
889,40.78146015,-73.95792169,2017,1
890,40.78148702,-73.94825722,2017,1
891,40.781506799999995,-73.9580062,2017,1
892,40.781537,-73.95280699999999,2017,1
893,40.7815656,-73.9463135,2017,2
894,40.781566,-73.946314,2017,13
895,40.7816977,-73.9466133,2017,2
896,40.781706,-73.958985,2017,1
897,40.781718,-73.952799,2017,1
898,40.7817638,-73.958585,2017,1
899,40.781806,-73.953723,2017,3
900,40.781806,-73.953723,2018,1
901,40.781833,-73.955689,2017,1
902,40.781864,-73.958842,2017,6
903,40.781864,-73.958842,2018,1
904,40.7818836,-73.9576802,2017,4
905,40.781923,-73.957551,2017,1
906,40.7819235,-73.9483354,2017,2
907,40.7819235,-73.9483354,2018,1
908,40.7819416,-73.9506314,2017,3
909,40.7819416,-73.9506314,2018,1
910,40.78194295,-73.94832134,2017,5
911,40.78194295,-73.94832134,2018,1
912,40.781956,-73.95620600000001,2017,2
913,40.781956,-73.95620600000001,2018,1
914,40.7819597,-73.9529275,2017,1
915,40.7819881,-73.95841490000001,2017,1
916,40.7820344,-73.95535500000001,2018,1
917,40.782076700000005,-73.9541161,2017,2
918,40.782084999999995,-73.95405600000001,2017,2
919,40.782084999999995,-73.95405600000001,2018,1
920,40.7821142,-73.9544199,2017,3
921,40.7821142,-73.9544199,2018,1
922,40.78217695,-73.95846331,2017,1
923,40.782211,-73.946561,2017,2
924,40.78222720000001,-73.9575194,2017,2
925,40.7822552,-73.95283559999999,2017,6
926,40.782272,-73.952529,2017,2
927,40.782298100000006,-73.9568829,2017,7
928,40.782318200000006,-73.95100670000001,2017,3
929,40.782318200000006,-73.95100670000001,2018,1
930,40.782357,-73.958586,2017,3
931,40.782361,-73.95273900000001,2017,1
932,40.782365999999996,-73.951124,2017,2
933,40.7823797,-73.95801386,2017,2
934,40.782418,-73.955964,2017,1
935,40.782418,-73.955964,2018,1
936,40.782443,-73.954386,2017,4
937,40.782452,-73.95524499999999,2018,1
938,40.78253529999999,-73.9487536,2017,3
939,40.7826915,-73.9538688,2017,1
940,40.78270175,-73.95194711,2017,1
941,40.782756899999995,-73.9485838,2017,1
942,40.782799,-73.95185500000001,2017,3
943,40.782825,-73.94866800000001,2017,5
944,40.782831200000004,-73.95593520000001,2018,1
945,40.782869,-73.957095,2017,2
946,40.782893,-73.954924,2017,1
947,40.783002,-73.955711,2017,1
948,40.783021000000005,-73.957707,2017,1
949,40.783027000000004,-73.954328,2017,3
950,40.7830459,-73.95568270000001,2017,1
951,40.78310379999999,-73.9571641,2017,4
952,40.7831046,-73.9546035,2017,1
953,40.783312,-73.956441,2017,1
954,40.783312,-73.956441,2018,1
955,40.783334,-73.95541999999999,2017,1
956,40.7833465,-73.94925409999999,2017,5
957,40.7833465,-73.94925409999999,2018,1
958,40.783435,-73.957249,2017,1
959,40.783605,-73.951296,2017,2
960,40.783605,-73.949874,2017,5
961,40.783640000000005,-73.95194000000001,2017,1
962,40.783662400000004,-73.95715820000001,2017,1
963,40.783666600000004,-73.95225009999999,2017,1
964,40.783666600000004,-73.95225009999999,2018,1
965,40.783682,-73.954338,2017,1
966,40.7836825,-73.95324797,2017,1
967,40.783759499999995,-73.9486339,2018,1
968,40.783765,-73.951675,2017,3
969,40.783808,-73.94838100000001,2017,4
970,40.783823999999996,-73.9515269,2017,1
971,40.783882,-73.95481,2017,4
972,40.7839404,-73.9526051,2017,1
973,40.783965,-73.952146,2017,3
974,40.7840222,-73.95102179999999,2017,2
975,40.784046999999994,-73.948985,2018,1
976,40.784084,-73.954051,2017,1
977,40.7840954,-73.94938764,2017,3
978,40.784125,-73.953102,2017,1
979,40.784156,-73.951171,2017,1
980,40.7842192,-73.951458,2017,1
981,40.784221,-73.956633,2017,3
982,40.7842443,-73.95258309999998,2017,3
983,40.7842443,-73.95258309999998,2018,1
984,40.784259000000006,-73.95285600000001,2017,1
985,40.784372,-73.95185,2017,3
986,40.7846599,-73.9544199,2017,2
987,40.784683,-73.952426,2017,4
988,40.7847265,-73.9534342,2017,2
989,40.7847265,-73.9534342,2018,1
990,40.784732899999995,-73.9547298,2017,1
991,40.7848245,-73.95197950000001,2017,1
992,40.784839,-73.954737,2017,1
993,40.785036,-73.94838100000001,2017,10
994,40.785036,-73.94838100000001,2018,1
995,40.785088,-73.956724,2018,1
996,40.7851535,-73.9538734,2017,1
997,40.7851736,-73.9527438,2017,5
998,40.7851736,-73.9527438,2018,1
999,40.785188299999994,-73.947968,2017,3
1000,40.78522,-73.95175400000001,2017,1
1001,40.78523315,-73.95495926,2017,1
1002,40.785309000000005,-73.95585799999999,2017,1
1003,40.7854218,-73.9544887,2017,3
1004,40.785515000000004,-73.954441,2017,1
1005,40.7856205,-73.9546485,2017,8
1006,40.7856205,-73.9546485,2018,1
1007,40.7857969,-73.955499,2017,1
1008,40.78601665,-73.94964915,2017,1
1009,40.78605235,-73.94973440000001,2017,2
1010,40.786084,-73.949598,2017,1
1011,40.786120000000004,-73.94968399999999,2017,1
1012,40.786184000000006,-73.9524625,2017,3
1013,40.786419,-73.952952,2017,1
1014,40.78671,-73.953342,2017,4
1015,40.78671,-73.953342,2018,1
1016,40.78672825,-73.95136039,2017,1
1017,40.7867711,-73.9542132,2017,2
1018,40.78679505,-73.95568674,2017,1
1019,40.786843,-73.953659,2017,2
1020,40.787,-73.95311109999999,2017,3
1021,40.787,-73.95311109999999,2018,1
1022,40.787251899999994,-73.9546584,2017,1
1023,40.787287,-73.953898,2017,1
1024,40.787287,-73.953898,2018,1
1025,40.787357,-73.954875,2017,1
1026,40.7874325,-73.95114152,2017,2
1027,40.787668,-73.954806,2017,2
1028,40.787668,-73.954806,2018,1
1029,40.787929,-73.9552666,2017,1
1030,40.78801235,-73.95445716,2017,4
1031,40.78801235,-73.95445716,2018,2
1032,40.78821,-73.94736,2017,4
1033,40.788449,-73.947436,2017,7
1034,40.788781799999995,-73.94104886,2017,1
1035,40.788813,-73.949717,2017,1
1036,40.788962,-73.948128,2017,1
1037,40.788984,-73.950121,2017,1
1038,40.789017,-73.950201,2017,1
1039,40.789192,-73.94833100000001,2017,1
1040,40.7892204,-73.9545888,2017,1
1041,40.78926485,-73.94951732,2017,1
1042,40.789507,-73.949426,2017,1
1043,40.789541,-73.94728329,2017,1
1044,40.789608,-73.942401,2017,1
1045,40.789618,-73.941888,2017,1
1046,40.789749,-73.942196,2017,2
1047,40.789846000000004,-73.948266,2017,2
1048,40.789846000000004,-73.948266,2018,1
1049,40.790594,-73.947215,2017,4
1050,40.7907,-73.946395,2017,1
1051,40.791290000000004,-73.945861,2017,1
1052,40.791884,-73.943517,2017,2
1053,40.791981,-73.939401,2017,3
1054,40.792082,-73.945493,2017,1
1055,40.792112,-73.940554,2017,1
1056,40.79214867,-73.94030114,2017,1
1057,40.79214867,-73.94030114,2018,1
1058,40.79227492,-73.94015429,2017,1
1059,40.79227492,-73.94015429,2018,1
1060,40.792628,-73.939867,2017,4
1061,40.792628,-73.939867,2018,1
1062,40.792747,-73.945103,2017,1
1063,40.793365,-73.940663,2018,1
1064,40.793369,-73.941323,2017,1
1065,40.79369225,-73.93818062,2017,1
1066,40.79373302,-73.94405606,2017,1
1067,40.7938255,-73.9386489,2017,1
1068,40.793892,-73.938602,2017,1
1069,40.794385,-73.941193,2017,1
1070,40.794705,-73.943607,2017,2
1071,40.794705,-73.943607,2018,2
1072,40.7948681,-73.93527787,2017,1
1073,40.794878999999995,-73.942914,2017,1
1074,40.795065,-73.935774,2017,1
1075,40.795072999999995,-73.950312,2017,1
1076,40.795484,-73.933755,2017,1
1077,40.7954968,-73.9360038,2017,1
1078,40.7955079,-73.9483077,2017,1
1079,40.79556475,-73.93486216,2017,1
1080,40.795702,-73.936532,2017,1
1081,40.795765,-73.934428,2017,1
1082,40.795804,-73.946495,2017,2
1083,40.796106,-73.93125699999999,2017,1
1084,40.796593,-73.936389,2017,1
1085,40.797011,-73.939607,2017,1
1086,40.797346000000005,-73.962135,2017,1
1087,40.797846,-73.932152,2017,1
1088,40.797956,-73.941824,2017,1
1089,40.798774,-73.935691,2017,1
1090,40.801553000000006,-73.943517,2017,1
1091,40.802687,-73.935765,2017,1
1092,40.805634999999995,-73.942178,2017,1
1093,42.7976632,-73.9527343,2017,4
1094,42.79822876,-73.95045653,2017,2
1095,42.79822876,-73.95045653,2018,1
1096,42.79826529,-73.95033071,2017,4
1097,42.79826529,-73.95033071,2018,1
1098,42.8002283,-73.9523152,2017,12
1099,42.802027200000005,-73.9503835,2017,1
1100,42.8021386,-73.95284609999999,2017,2
